{"_id":"next-tick","_rev":"15-2eb8ce9577dd995e7add9c7f15f5b13b","name":"next-tick","description":"Environment agnostic nextTick polyfill","dist-tags":{"latest":"1.0.0"},"versions":{"0.1.0":{"name":"next-tick","version":"0.1.0","description":"Cross environment nextTick polyfill","main":"lib/next-tick","directories":{"test":"test"},"scripts":{"test":"node node_modules/tad/bin/tad lib"},"repository":{"type":"git","url":"git://github.com/medikoo/next-tick.git"},"keywords":["nexttick","setImmediate","setTimeout","async"],"bugs":{"email":"medikoo+next-tick@medikoo.com","url":"https://github.com/medikoo/next-tick/issues"},"engines":{"node":">=0.4"},"devDependencies":{"tad":"0.1.x"},"author":{"name":"Mariusz Nowak","email":"medikoo+next-tick@medikoo.com","url":"http://www.medikoo.com/"},"license":"MIT","_id":"next-tick@0.1.0","dist":{"shasum":"1912cce8eb9b697d640fbba94f8f00dec3b94259","tarball":"https://registry.npmjs.org/next-tick/-/next-tick-0.1.0.tgz"},"_npmVersion":"1.1.59","_npmUser":{"name":"medikoo","email":"medikoo+npm@medikoo.com"},"maintainers":[{"name":"medikoo","email":"medikoo+npm@medikoo.com"}]},"0.2.0":{"name":"next-tick","version":"0.2.0","description":"Environment agnostic nextTick polyfill","author":{"name":"Mariusz Nowak","email":"medykk@medikoo.com","url":"http://www.medikoo.com/"},"keywords":["nexttick","setImmediate","setTimeout","async"],"repository":{"type":"git","url":"git://github.com/medikoo/next-tick.git"},"bugs":{"url":"https://github.com/medikoo/next-tick/issues","email":"medikoo+next-tick@medikoo.com"},"scripts":{"test":"node node_modules/tad/bin/tad"},"dependencies":{"es5-ext":"~0.9.2"},"devDependencies":{"tad":"~0.1.21"},"license":"MIT","homepage":"https://github.com/medikoo/next-tick","_id":"next-tick@0.2.0","dist":{"shasum":"820b2855de56cec3732bd574a9102df0640d3ec7","tarball":"https://registry.npmjs.org/next-tick/-/next-tick-0.2.0.tgz"},"_from":".","_npmVersion":"1.4.3","_npmUser":{"name":"medikoo","email":"medikoo+npm@medikoo.com"},"maintainers":[{"name":"medikoo","email":"medikoo+npm@medikoo.com"}],"directories":{}},"0.2.1":{"name":"next-tick","version":"0.2.1","description":"Environment agnostic nextTick polyfill","author":{"name":"Mariusz Nowak","email":"medykk@medikoo.com","url":"http://www.medikoo.com/"},"keywords":["nexttick","setImmediate","setTimeout","async"],"repository":{"type":"git","url":"git://github.com/medikoo/next-tick.git"},"bugs":{"url":"https://github.com/medikoo/next-tick/issues","email":"medikoo+next-tick@medikoo.com"},"scripts":{"test":"node node_modules/tad/bin/tad"},"dependencies":{"es5-ext":"~0.9.2"},"devDependencies":{"tad":"~0.1.21"},"license":"MIT","homepage":"https://github.com/medikoo/next-tick","_id":"next-tick@0.2.1","dist":{"shasum":"eed3ee871fb86fe81d7f96cf4743a6ccb84f581a","tarball":"https://registry.npmjs.org/next-tick/-/next-tick-0.2.1.tgz"},"_from":".","_npmVersion":"1.4.3","_npmUser":{"name":"medikoo","email":"medikoo+npm@medikoo.com"},"maintainers":[{"name":"medikoo","email":"medikoo+npm@medikoo.com"}],"directories":{}},"0.2.2":{"name":"next-tick","version":"0.2.2","description":"Environment agnostic nextTick polyfill","author":{"name":"Mariusz Nowak","email":"medykk@medikoo.com","url":"http://www.medikoo.com/"},"keywords":["nexttick","setImmediate","setTimeout","async"],"repository":{"type":"git","url":"git://github.com/medikoo/next-tick.git"},"bugs":{"url":"https://github.com/medikoo/next-tick/issues","email":"medikoo+next-tick@medikoo.com"},"scripts":{"test":"node node_modules/tad/bin/tad"},"devDependencies":{"tad":"~0.1.21"},"license":"MIT","homepage":"https://github.com/medikoo/next-tick","_id":"next-tick@0.2.2","dist":{"shasum":"75da4a927ee5887e39065880065b7336413b310d","tarball":"https://registry.npmjs.org/next-tick/-/next-tick-0.2.2.tgz"},"_from":".","_npmVersion":"1.4.3","_npmUser":{"name":"medikoo","email":"medikoo+npm@medikoo.com"},"maintainers":[{"name":"medikoo","email":"medikoo+npm@medikoo.com"}],"directories":{}},"1.0.0":{"name":"next-tick","version":"1.0.0","description":"Environment agnostic nextTick polyfill","author":{"name":"Mariusz Nowak","email":"medyk@medikoo.com","url":"http://www.medikoo.com/"},"keywords":["nexttick","setImmediate","setTimeout","async"],"repository":{"type":"git","url":"git://github.com/medikoo/next-tick.git"},"devDependencies":{"tad":"^0.2.4","xlint":"^0.2.2","xlint-jslint-medikoo":"^0.1.4"},"scripts":{"lint":"node node_modules/xlint/bin/xlint --linter=node_modules/xlint-jslint-medikoo/index.js --no-cache --no-stream","lint-console":"node node_modules/xlint/bin/xlint --linter=node_modules/xlint-jslint-medikoo/index.js --watch","test":"node node_modules/tad/bin/tad"},"license":"MIT","gitHead":"5b1c1d0ad81f3c494ca74db1cb8012c0f6a7e512","bugs":{"url":"https://github.com/medikoo/next-tick/issues"},"homepage":"https://github.com/medikoo/next-tick#readme","_id":"next-tick@1.0.0","_shasum":"ca86d1fe8828169b0120208e3dc8424b9db8342c","_from":".","_npmVersion":"2.15.5","_nodeVersion":"4.4.5","_npmUser":{"name":"medikoo","email":"medikoo+npm@medikoo.com"},"dist":{"shasum":"ca86d1fe8828169b0120208e3dc8424b9db8342c","tarball":"https://registry.npmjs.org/next-tick/-/next-tick-1.0.0.tgz"},"maintainers":[{"name":"medikoo","email":"medikoo+npm@medikoo.com"}],"_npmOperationalInternal":{"host":"packages-16-east.internal.npmjs.com","tmp":"tmp/next-tick-1.0.0.tgz_1465503233826_0.9096911298111081"},"directories":{}}},"readme":"# next-tick\n## Environment agnostic nextTick polyfill\n\nTo be used in environment agnostic modules that need nextTick functionality.\n\n- When run in Node.js `process.nextTick` is used\n- In modern browsers microtask resolution is guaranteed by `MutationObserver`\n- In other engines `setImmediate` or `setTimeout(fn, 0)` is used as fallback.\n- If none of the above is supported module resolves to `null`\n\n## Installation\n### NPM\n\nIn your project path:\n\n\t$ npm install next-tick\n\n#### Browser\n\nYou can easily bundle `next-tick` for browser with any CJS bundler, e.g. [modules-webmake](https://github.com/medikoo/modules-webmake)\n\n## Tests [![Build Status](https://api.travis-ci.org/medikoo/next-tick.png?branch=master)](https://travis-ci.org/medikoo/next-tick)\n\n\t$ npm test\n","maintainers":[{"name":"medikoo","email":"medikoo+npm@medikoo.com"}],"time":{"modified":"2017-02-23T07:54:06.525Z","created":"2012-08-29T20:37:49.603Z","0.1.0":"2012-08-29T20:37:51.133Z","0.2.0":"2014-02-24T16:21:07.746Z","0.2.1":"2014-02-24T16:31:08.038Z","0.2.2":"2014-04-18T16:24:29.209Z","1.0.0":"2016-06-09T20:13:56.167Z"},"author":{"name":"Mariusz Nowak","email":"medyk@medikoo.com","url":"http://www.medikoo.com/"},"repository":{"type":"git","url":"git://github.com/medikoo/next-tick.git"},"readmeFilename":"README.md","homepage":"https://github.com/medikoo/next-tick#readme","keywords":["nexttick","setImmediate","setTimeout","async"],"bugs":{"url":"https://github.com/medikoo/next-tick/issues"},"license":"MIT","users":{"julien-f":true,"subchen":true,"bret":true,"antixrist":true,"erikvold":true},"_attachments":{},"_etag":"W/\"ef2e1790c9b620a043b66200fe97ab6d\"","_lastModified":"Sun, 27 May 2018 09:24:07 GMT"}