{"_id":"jquery","_rev":"633-d75de93dff8c8f3e2cfd9dc6d7d4dcc3","name":"jquery","description":"JavaScript library for DOM operations","dist-tags":{"beta":"3.3.1","latest":"3.3.1"},"versions":{"1.5.1":{"name":"jquery","description":"jQuery: The Write Less, Do More, JavaScript Library","url":"jquery.com","keywords":["util","dom","jquery"],"author":{"name":"John Resig","email":"jeresig@gmail.com"},"contributors":[],"dependencies":{"jsdom":"=0.1.20","htmlparser":">= 1.7.3"},"lib":"lib","main":"./dist/node-jquery.js","version":"1.5.1","_id":"jquery@1.5.1","engines":{"node":"*"},"_engineSupported":true,"_npmVersion":"0.3.15","_nodeVersion":"v0.4.2","directories":{"lib":"./lib"},"files":[""],"_defaultsLoaded":true,"dist":{"shasum":"2ae2d661e906c1a01e044a71bb5b2743942183e5","tarball":"https://registry.npmjs.org/jquery/-/jquery-1.5.1.tgz"},"deprecated":"Versions of the jquery npm package older than 1.9.0 are patched versions that don't work in web browsers. Please upgrade to >=1.11.0."},"1.6.2":{"name":"jquery","description":"jQuery: The Write Less, Do More, JavaScript Library","url":"jquery.com","keywords":["util","dom","jquery"],"author":{"name":"John Resig","email":"jeresig@gmail.com"},"contributors":[],"dependencies":{"jsdom":">=0.2.0","htmlparser":">= 1.7.3"},"lib":"lib","main":"./dist/node-jquery.js","version":"1.6.2","_npmJsonOpts":{"file":"/Users/coolaj86/.npm/jquery/1.6.2/package/package.json","wscript":false,"contributors":false,"serverjs":false},"_id":"jquery@1.6.2","devDependencies":{},"engines":{"node":"*"},"_engineSupported":true,"_npmVersion":"1.0.15","_nodeVersion":"v0.4.8","_defaultsLoaded":true,"dist":{"shasum":"01757a4c5beea29e8ae697527c3131abbe997a28","tarball":"https://registry.npmjs.org/jquery/-/jquery-1.6.2.tgz"},"scripts":{},"directories":{},"deprecated":"Versions of the jquery npm package older than 1.9.0 are patched versions that don't work in web browsers. Please upgrade to >=1.11.0."},"1.6.3":{"name":"jquery","description":"jQuery: The Write Less, Do More, JavaScript Library (packaged for Node.JS)","url":"http://jquery.com","keywords":["util","dom","jquery"],"author":{"name":"John Resig","email":"jeresig@gmail.com"},"contributors":[],"dependencies":{"jsdom":">=0.2.0","htmlparser":">= 1.7.3"},"lib":".","main":"./node-jquery.js","version":"1.6.3","_npmJsonOpts":{"file":"/Users/coolaj86/.npm/jquery/1.6.3/package/package.json","wscript":false,"contributors":false,"serverjs":false},"_id":"jquery@1.6.3","devDependencies":{},"engines":{"node":"*"},"_engineSupported":true,"_npmVersion":"1.0.22","_nodeVersion":"v0.4.8","_defaultsLoaded":true,"dist":{"shasum":"e1f732fa7e718a6adb3ec20ae0eb2a64fd95ef01","tarball":"https://registry.npmjs.org/jquery/-/jquery-1.6.3.tgz"},"scripts":{},"maintainers":[{"name":"coolaj86","email":"coolaj86@gmail.com"}],"directories":{},"deprecated":"Versions of the jquery npm package older than 1.9.0 are patched versions that don't work in web browsers. Please upgrade to >=1.11.0."},"1.7.2":{"name":"jquery","description":"jQuery: The Write Less, Do More, JavaScript Library (packaged for Node.JS)","version":"1.7.2","url":"http://jquery.com","homepage":"https://github.com/coolaj86/node-jquery","author":{"name":"James Morrin","email":"treasonx@gmail.com"},"repository":{"type":"git","url":"git://github.com/coolaj86/node-jquery.git"},"bugs":{"url":"https://github.com/coolaj86/node-jquery/issues"},"licenses":[{"type":"MIT","url":"https://github.com/coolaj86/node-jquery/blob/master/LICENSE-MIT"}],"main":"lib/node-jquery","engines":{"node":"0.6"},"scripts":{"test":"grunt test"},"dependencies":{"jsdom":"~0.2.14","htmlparser":"1.7.6","xmlhttprequest":"~1.3.0"},"devDependencies":{"grunt":"~0.3.8","nodeunit":"~0.7.4"},"keywords":["util","dom","jquery"],"_npmUser":{"name":"treasonx","email":"treasonx@gmail.com"},"_id":"jquery@1.7.2","optionalDependencies":{},"_engineSupported":true,"_npmVersion":"1.1.12","_nodeVersion":"v0.6.14","_defaultsLoaded":true,"dist":{"shasum":"a93746763aca75a34df4c16395b0826310d0eaf2","tarball":"https://registry.npmjs.org/jquery/-/jquery-1.7.2.tgz"},"maintainers":[{"name":"coolaj86","email":"coolaj86@gmail.com"},{"name":"treasonx","email":"treasonx@gmail.com"}],"directories":{},"deprecated":"Versions of the jquery npm package older than 1.9.0 are patched versions that don't work in web browsers. Please upgrade to >=1.11.0."},"1.7.3":{"name":"jquery","description":"jQuery: The Write Less, Do More, JavaScript Library (packaged for Node.JS)","version":"1.7.3","url":"http://jquery.com","homepage":"https://github.com/coolaj86/node-jquery","author":{"name":"James Morrin","email":"treasonx@gmail.com"},"repository":{"type":"git","url":"git://github.com/coolaj86/node-jquery.git"},"bugs":{"url":"https://github.com/coolaj86/node-jquery/issues"},"licenses":[{"type":"MIT","url":"https://github.com/coolaj86/node-jquery/blob/master/LICENSE-MIT"}],"main":"lib/node-jquery","engines":{"node":">=0.6"},"scripts":{"test":"grunt test"},"dependencies":{"jsdom":"~0.2.14","htmlparser":"1.7.6","xmlhttprequest":"~1.4.2","location":"0.0.1","navigator":"~1.0.1"},"devDependencies":{"grunt":"~0.3.8","nodeunit":"~0.7.4"},"keywords":["util","dom","jquery"],"_id":"jquery@1.7.3","dist":{"shasum":"e3d00a71612ac7e9b554b438e0987d0272ddba94","tarball":"https://registry.npmjs.org/jquery/-/jquery-1.7.3.tgz"},"maintainers":[{"name":"coolaj86","email":"coolaj86@gmail.com"},{"name":"treasonx","email":"treasonx@gmail.com"}],"directories":{},"deprecated":"Versions of the jquery npm package older than 1.9.0 are patched versions that don't work in web browsers. Please upgrade to >=1.11.0."},"1.8.2":{"name":"jquery","description":"jQuery: The Write Less, Do More, JavaScript Library (packaged for Node.JS)","version":"1.8.2","url":"http://jquery.com","homepage":"https://github.com/coolaj86/node-jquery","author":{"name":"James Morrin","email":"treasonx@gmail.com"},"repository":{"type":"git","url":"git://github.com/coolaj86/node-jquery.git"},"bugs":{"url":"https://github.com/coolaj86/node-jquery/issues"},"licenses":[{"type":"MIT","url":"https://github.com/coolaj86/node-jquery/blob/master/LICENSE-MIT"}],"main":"lib/node-jquery","engines":{"node":">=0.6"},"scripts":{"test":"grunt test"},"dependencies":{"jsdom":"~0.2.14","htmlparser":"1.7.6","xmlhttprequest":"~1.4.2","location":"0.0.1","navigator":"~1.0.1"},"devDependencies":{"grunt":"~0.3.8","nodeunit":"~0.7.4"},"keywords":["util","dom","jquery"],"_id":"jquery@1.8.2","dist":{"shasum":"46790ae07c6de38124eda90bbf7336b43df93305","tarball":"https://registry.npmjs.org/jquery/-/jquery-1.8.2.tgz"},"_npmVersion":"1.1.61","_npmUser":{"name":"treasonx","email":"treasonx@gmail.com"},"maintainers":[{"name":"coolaj86","email":"coolaj86@gmail.com"},{"name":"treasonx","email":"treasonx@gmail.com"}],"directories":{},"deprecated":"Versions of the jquery npm package older than 1.9.0 are patched versions that don't work in web browsers. Please upgrade to >=1.11.0."},"1.8.3":{"name":"jquery","description":"jQuery: The Write Less, Do More, JavaScript Library (packaged for Node.JS)","version":"1.8.3","url":"http://jquery.com","homepage":"https://github.com/coolaj86/node-jquery","author":{"name":"James Morrin","email":"treasonx@gmail.com"},"repository":{"type":"git","url":"git://github.com/coolaj86/node-jquery.git"},"bugs":{"url":"https://github.com/coolaj86/node-jquery/issues"},"licenses":[{"type":"MIT","url":"https://github.com/coolaj86/node-jquery/blob/master/LICENSE-MIT"}],"main":"lib/node-jquery","engines":{"node":">=0.6"},"scripts":{"test":"grunt test"},"dependencies":{"jsdom":"~0.2.14","htmlparser":"1.7.6","xmlhttprequest":"~1.4.2","location":"0.0.1","navigator":"~1.0.1","contextify":"~0.1.3"},"devDependencies":{"grunt":"~0.3.8","nodeunit":"~0.7.4"},"keywords":["util","dom","jquery"],"_id":"jquery@1.8.3","dist":{"shasum":"cfa2941c05a83d966f21347f759a6d15281c60cc","tarball":"https://registry.npmjs.org/jquery/-/jquery-1.8.3.tgz"},"_npmVersion":"1.1.61","_npmUser":{"name":"treasonx","email":"treasonx@gmail.com"},"maintainers":[{"name":"coolaj86","email":"coolaj86@gmail.com"},{"name":"treasonx","email":"treasonx@gmail.com"}],"directories":{},"deprecated":"Versions of the jquery npm package older than 1.9.0 are patched versions that don't work in web browsers. Please upgrade to >=1.11.0."},"2.1.0-beta2":{"name":"jquery","title":"jQuery","description":"JavaScript library for DOM operations","version":"2.1.0-beta2","homepage":"http://jquery.com","author":{"name":"jQuery Foundation and other contributors","url":"https://github.com/jquery/jquery/blob/master/AUTHORS.txt"},"repository":{"type":"git","url":"https://github.com/jquery/jquery.git"},"keywords":["jquery","javascript","library"],"bugs":{"url":"http://bugs.jquery.com"},"licenses":[{"type":"MIT","url":"https://github.com/jquery/jquery/blob/master/MIT-LICENSE.txt"}],"dependencies":{},"devDependencies":{"archiver":"~0.4.10","grunt":"~0.4.1","grunt-bower-task":"~0.3.2","grunt-cli":"~0.1.11","grunt-compare-size":"~0.4.0","grunt-contrib-jshint":"~0.7.0","grunt-contrib-uglify":"~0.2.7","grunt-contrib-watch":"~0.5.3","grunt-git-authors":"~1.2.0","grunt-jscs-checker":"~0.2.3","grunt-jsonlint":"~1.0.1","gzip-js":"0.3.2","load-grunt-tasks":"~0.2.0","testswarm":"~1.1.0","requirejs":"~2.1.9","which":"~1.0.5"},"_id":"jquery@2.1.0-beta2","dist":{"shasum":"e0fbbe2beb45b4d8f808362c7c99ef5bfee7d8c6","tarball":"https://registry.npmjs.org/jquery/-/jquery-2.1.0-beta2.tgz"},"_from":".","_npmVersion":"1.3.11","_npmUser":{"name":"jquery","email":"dave.methvin@gmail.com"},"maintainers":[{"name":"rwaldron","email":"waldron.rick@gmail.com"},{"name":"jquery","email":"npm@jquery.com"}],"directories":{}},"2.1.0-beta3":{"name":"jquery","title":"jQuery","description":"JavaScript library for DOM operations","version":"2.1.0-beta3","main":"dist/jquery.js","homepage":"http://jquery.com","author":{"name":"jQuery Foundation and other contributors","url":"https://github.com/jquery/jquery/blob/2.1.0-beta3/AUTHORS.txt"},"repository":{"type":"git","url":"https://github.com/jquery/jquery.git"},"keywords":["jquery","javascript","library"],"bugs":{"url":"http://bugs.jquery.com"},"licenses":[{"type":"MIT","url":"https://github.com/jquery/jquery/blob/2.1.0-beta3/MIT-LICENSE.txt"}],"dependencies":{},"devDependencies":{"archiver":"0.4.10","gzip-js":"0.3.2","testswarm":"1.1.0","load-grunt-tasks":"0.2.0","requirejs":"2.1.9","shelljs":"0.2.6","grunt":"0.4.2","grunt-cli":"0.1.11","grunt-contrib-jshint":"0.7.2","grunt-contrib-uglify":"0.2.7","grunt-contrib-watch":"0.5.3","grunt-bowercopy":"0.4.1","grunt-compare-size":"0.4.0","grunt-git-authors":"1.2.0","grunt-jscs-checker":"0.2.6","grunt-jsonlint":"1.0.4"},"scripts":{"build":"npm install && grunt","start":"grunt watch","test":"grunt"},"_id":"jquery@2.1.0-beta3","dist":{"shasum":"5a89b624d8fa625fe5fa83a12a9acb1ef8a11d02","tarball":"https://registry.npmjs.org/jquery/-/jquery-2.1.0-beta3.tgz"},"_from":".","_npmVersion":"1.3.21","_npmUser":{"name":"jquery","email":"npm@jquery.org"},"maintainers":[{"name":"jquery","email":"npm@jquery.org"}],"directories":{}},"1.11.0-beta3":{"name":"jquery","title":"jQuery","description":"JavaScript library for DOM operations","version":"1.11.0-beta3","main":"dist/jquery.js","homepage":"http://jquery.com","author":{"name":"jQuery Foundation and other contributors","url":"https://github.com/jquery/jquery/blob/1.11.0-beta3/AUTHORS.txt"},"repository":{"type":"git","url":"https://github.com/jquery/jquery.git"},"keywords":["jquery","javascript","library"],"bugs":{"url":"http://bugs.jquery.com"},"licenses":[{"type":"MIT","url":"https://github.com/jquery/jquery/blob/1.11.0-beta3/MIT-LICENSE.txt"}],"dependencies":{},"devDependencies":{"archiver":"0.4.10","gzip-js":"0.3.2","testswarm":"1.1.0","load-grunt-tasks":"0.2.0","requirejs":"2.1.9","shelljs":"0.2.6","grunt":"0.4.2","grunt-cli":"0.1.11","grunt-contrib-jshint":"0.7.2","grunt-contrib-uglify":"0.2.7","grunt-contrib-watch":"0.5.3","grunt-bowercopy":"0.4.1","grunt-compare-size":"0.4.0","grunt-git-authors":"1.2.0","grunt-jscs-checker":"0.2.6","grunt-jsonlint":"1.0.4"},"scripts":{"build":"npm install && grunt","start":"grunt watch","test":"grunt"},"_id":"jquery@1.11.0-beta3","dist":{"shasum":"0464a6aba9f35f6c83a203caa23ab420909ce852","tarball":"https://registry.npmjs.org/jquery/-/jquery-1.11.0-beta3.tgz"},"_from":".","_npmVersion":"1.3.21","_npmUser":{"name":"jquery","email":"npm@jquery.org"},"maintainers":[{"name":"jquery","email":"npm@jquery.org"}],"directories":{}},"1.11.0-rc1":{"name":"jquery","title":"jQuery","description":"JavaScript library for DOM operations","version":"1.11.0-rc1","main":"dist/jquery.js","homepage":"http://jquery.com","author":{"name":"jQuery Foundation and other contributors","url":"https://github.com/jquery/jquery/blob/1.11.0-rc1/AUTHORS.txt"},"repository":{"type":"git","url":"https://github.com/jquery/jquery.git"},"keywords":["jquery","javascript","library"],"bugs":{"url":"http://bugs.jquery.com"},"licenses":[{"type":"MIT","url":"https://github.com/jquery/jquery/blob/1.11.0-rc1/MIT-LICENSE.txt"}],"dependencies":{},"devDependencies":{"archiver":"0.4.10","gzip-js":"0.3.2","testswarm":"1.1.0","load-grunt-tasks":"0.2.0","requirejs":"2.1.9","shelljs":"0.2.6","grunt":"0.4.2","grunt-cli":"0.1.11","grunt-contrib-jshint":"0.7.2","grunt-contrib-uglify":"0.2.7","grunt-contrib-watch":"0.5.3","grunt-bowercopy":"0.5.0","grunt-compare-size":"0.4.0","grunt-git-authors":"1.2.0","grunt-jscs-checker":"0.2.6","grunt-jsonlint":"1.0.4"},"scripts":{"build":"npm install && grunt","start":"grunt watch","test":"grunt"},"_id":"jquery@1.11.0-rc1","dist":{"shasum":"c2f6a4877374647b20b080c478d8dbcdfb4960ee","tarball":"https://registry.npmjs.org/jquery/-/jquery-1.11.0-rc1.tgz"},"_from":".","_npmVersion":"1.3.23","_npmUser":{"name":"jquery","email":"dave.methvin@gmail.com"},"maintainers":[{"name":"jquery","email":"dave.methvin@gmail.com"}],"directories":{}},"2.1.0-rc1":{"name":"jquery","title":"jQuery","description":"JavaScript library for DOM operations","version":"2.1.0-rc1","main":"dist/jquery.js","homepage":"http://jquery.com","author":{"name":"jQuery Foundation and other contributors","url":"https://github.com/jquery/jquery/blob/2.1.0-rc1/AUTHORS.txt"},"repository":{"type":"git","url":"https://github.com/jquery/jquery.git"},"keywords":["jquery","javascript","library"],"bugs":{"url":"http://bugs.jquery.com"},"licenses":[{"type":"MIT","url":"https://github.com/jquery/jquery/blob/2.1.0-rc1/MIT-LICENSE.txt"}],"dependencies":{},"devDependencies":{"archiver":"0.4.10","gzip-js":"0.3.2","testswarm":"1.1.0","load-grunt-tasks":"0.2.0","requirejs":"2.1.9","shelljs":"0.2.6","grunt":"0.4.2","grunt-cli":"0.1.11","grunt-contrib-jshint":"0.7.2","grunt-contrib-uglify":"0.2.7","grunt-contrib-watch":"0.5.3","grunt-bowercopy":"0.5.0","grunt-compare-size":"0.4.0","grunt-git-authors":"1.2.0","grunt-jscs-checker":"0.2.6","grunt-jsonlint":"1.0.4"},"scripts":{"build":"npm install && grunt","start":"grunt watch","test":"grunt"},"_id":"jquery@2.1.0-rc1","dist":{"shasum":"8c9f5d9a055c2fedb3f5269617ae649497d6a3b0","tarball":"https://registry.npmjs.org/jquery/-/jquery-2.1.0-rc1.tgz"},"_from":".","_npmVersion":"1.3.14","_npmUser":{"name":"scott.gonzalez","email":"scott.gonzalez@gmail.com"},"maintainers":[{"name":"jquery","email":"npm@jquery.com"},{"name":"dmethvin","email":"dave.methvin@gmail.com"},{"name":"scott.gonzalez","email":"scott.gonzalez@gmail.com"}],"directories":{}},"1.11.0":{"name":"jquery","title":"jQuery","description":"JavaScript library for DOM operations","version":"1.11.0","main":"dist/jquery.js","homepage":"http://jquery.com","author":{"name":"jQuery Foundation and other contributors","url":"https://github.com/jquery/jquery/blob/1.11.0/AUTHORS.txt"},"repository":{"type":"git","url":"https://github.com/jquery/jquery.git"},"keywords":["jquery","javascript","library"],"bugs":{"url":"http://bugs.jquery.com"},"licenses":[{"type":"MIT","url":"https://github.com/jquery/jquery/blob/1.11.0/MIT-LICENSE.txt"}],"dependencies":{},"devDependencies":{"archiver":"0.4.10","gzip-js":"0.3.2","testswarm":"1.1.0","load-grunt-tasks":"0.2.0","requirejs":"2.1.9","shelljs":"0.2.6","grunt":"0.4.2","grunt-cli":"0.1.11","grunt-contrib-jshint":"0.7.2","grunt-contrib-uglify":"0.2.7","grunt-contrib-watch":"0.5.3","grunt-bowercopy":"0.5.0","grunt-compare-size":"0.4.0","grunt-git-authors":"1.2.0","grunt-jscs-checker":"0.2.6","grunt-jsonlint":"1.0.4"},"scripts":{"build":"npm install && grunt","start":"grunt watch","test":"grunt"},"_id":"jquery@1.11.0","dist":{"shasum":"c67ceee19b403650d682adcf39d5c9009814d949","tarball":"https://registry.npmjs.org/jquery/-/jquery-1.11.0.tgz"},"_from":".","_npmVersion":"1.3.21","_npmUser":{"name":"jquery","email":"npm@jquery.org"},"maintainers":[{"name":"jquery","email":"npm@jquery.org"}],"directories":{}},"2.1.0":{"name":"jquery","title":"jQuery","description":"JavaScript library for DOM operations","version":"2.1.0","main":"dist/jquery.js","homepage":"http://jquery.com","author":{"name":"jQuery Foundation and other contributors","url":"https://github.com/jquery/jquery/blob/2.1.0/AUTHORS.txt"},"repository":{"type":"git","url":"https://github.com/jquery/jquery.git"},"keywords":["jquery","javascript","library"],"bugs":{"url":"http://bugs.jquery.com"},"licenses":[{"type":"MIT","url":"https://github.com/jquery/jquery/blob/2.1.0/MIT-LICENSE.txt"}],"dependencies":{},"devDependencies":{"archiver":"0.4.10","gzip-js":"0.3.2","testswarm":"1.1.0","load-grunt-tasks":"0.2.0","requirejs":"2.1.9","shelljs":"0.2.6","grunt":"0.4.2","grunt-cli":"0.1.11","grunt-contrib-jshint":"0.7.2","grunt-contrib-uglify":"0.2.7","grunt-contrib-watch":"0.5.3","grunt-bowercopy":"0.5.0","grunt-compare-size":"0.4.0","grunt-git-authors":"1.2.0","grunt-jscs-checker":"0.2.6","grunt-jsonlint":"1.0.4"},"scripts":{"build":"npm install && grunt","start":"grunt watch","test":"grunt"},"_id":"jquery@2.1.0","dist":{"shasum":"1c9a8c971d2b53dae10d72e16cbb5a1df16a4ace","tarball":"https://registry.npmjs.org/jquery/-/jquery-2.1.0.tgz"},"_from":".","_npmVersion":"1.3.21","_npmUser":{"name":"jquery","email":"npm@jquery.org"},"maintainers":[{"name":"jquery","email":"npm@jquery.org"}],"directories":{}},"2.1.1-beta1":{"name":"jquery","title":"jQuery","description":"JavaScript library for DOM operations","version":"2.1.1-beta1","main":"dist/jquery.js","homepage":"http://jquery.com","author":{"name":"jQuery Foundation and other contributors","url":"https://github.com/jquery/jquery/blob/2.1.1-beta1/AUTHORS.txt"},"repository":{"type":"git","url":"https://github.com/jquery/jquery.git"},"keywords":["jquery","javascript","library"],"bugs":{"url":"http://bugs.jquery.com"},"licenses":[{"type":"MIT","url":"https://github.com/jquery/jquery/blob/2.1.1-beta1/MIT-LICENSE.txt"}],"dependencies":{},"devDependencies":{"commitplease":"1.7.0","grunt":"0.4.2","grunt-bowercopy":"0.7.1","grunt-cli":"0.1.13","grunt-compare-size":"0.4.0","grunt-contrib-jshint":"0.8.0","grunt-contrib-uglify":"0.3.2","grunt-contrib-watch":"0.5.3","grunt-git-authors":"1.2.0","grunt-jscs-checker":"0.3.2","grunt-jsonlint":"1.0.4","gzip-js":"0.3.2","load-grunt-tasks":"0.3.0","requirejs":"2.1.10","testswarm":"1.1.0"},"scripts":{"build":"npm install && grunt","start":"grunt watch","test":"grunt"},"_id":"jquery@2.1.1-beta1","dist":{"shasum":"6306c8ea1d104775f3ef8f5c26f0a32acd710a11","tarball":"https://registry.npmjs.org/jquery/-/jquery-2.1.1-beta1.tgz"},"_from":".","_npmVersion":"1.4.6","_npmUser":{"name":"m_gol","email":"m.goleb@gmail.com"},"maintainers":[{"name":"jquery","email":"npm@jquery.com"},{"name":"dmethvin","email":"dave.methvin@gmail.com"},{"name":"scott.gonzalez","email":"scott.gonzalez@gmail.com"},{"name":"m_gol","email":"m.goleb@gmail.com"}],"directories":{}},"1.11.1-beta1":{"name":"jquery","title":"jQuery","description":"JavaScript library for DOM operations","version":"1.11.1-beta1","main":"dist/jquery.js","homepage":"http://jquery.com","author":{"name":"jQuery Foundation and other contributors","url":"https://github.com/jquery/jquery/blob/1.11.1-beta1/AUTHORS.txt"},"repository":{"type":"git","url":"https://github.com/jquery/jquery.git"},"keywords":["jquery","javascript","library"],"bugs":{"url":"http://bugs.jquery.com"},"licenses":[{"type":"MIT","url":"https://github.com/jquery/jquery/blob/1.11.1-beta1/MIT-LICENSE.txt"}],"dependencies":{},"devDependencies":{"commitplease":"1.7.0","grunt":"0.4.2","grunt-bowercopy":"0.7.1","grunt-cli":"0.1.13","grunt-compare-size":"0.4.0","grunt-contrib-jshint":"0.8.0","grunt-contrib-uglify":"0.3.2","grunt-contrib-watch":"0.5.3","grunt-git-authors":"1.2.0","grunt-jscs-checker":"0.3.2","grunt-jsonlint":"1.0.4","gzip-js":"0.3.2","load-grunt-tasks":"0.3.0","requirejs":"2.1.10","testswarm":"1.1.0"},"scripts":{"build":"npm install && grunt","start":"grunt watch","test":"grunt"},"_id":"jquery@1.11.1-beta1","dist":{"shasum":"c7eacde5e1ae06e029f1cd1b2dd444953a33e843","tarball":"https://registry.npmjs.org/jquery/-/jquery-1.11.1-beta1.tgz"},"_from":".","_npmVersion":"1.4.6","_npmUser":{"name":"m_gol","email":"m.goleb@gmail.com"},"maintainers":[{"name":"jquery","email":"npm@jquery.com"},{"name":"dmethvin","email":"dave.methvin@gmail.com"},{"name":"scott.gonzalez","email":"scott.gonzalez@gmail.com"},{"name":"m_gol","email":"m.goleb@gmail.com"}],"directories":{}},"2.1.1-rc1":{"name":"jquery","title":"jQuery","description":"JavaScript library for DOM operations","version":"2.1.1-rc1","main":"dist/jquery.js","homepage":"http://jquery.com","author":{"name":"jQuery Foundation and other contributors","url":"https://github.com/jquery/jquery/blob/2.1.1-rc1/AUTHORS.txt"},"repository":{"type":"git","url":"https://github.com/jquery/jquery.git"},"keywords":["jquery","javascript","library"],"bugs":{"url":"http://bugs.jquery.com"},"licenses":[{"type":"MIT","url":"https://github.com/jquery/jquery/blob/2.1.1-rc1/MIT-LICENSE.txt"}],"dependencies":{},"devDependencies":{"commitplease":"1.7.0","grunt":"0.4.2","grunt-bowercopy":"0.7.1","grunt-cli":"0.1.13","grunt-compare-size":"0.4.0","grunt-contrib-jshint":"0.8.0","grunt-contrib-uglify":"0.3.2","grunt-contrib-watch":"0.5.3","grunt-git-authors":"1.2.0","grunt-jscs-checker":"0.4.1","grunt-jsonlint":"1.0.4","gzip-js":"0.3.2","load-grunt-tasks":"0.3.0","requirejs":"2.1.10","testswarm":"1.1.0"},"scripts":{"build":"npm install && grunt","start":"grunt watch","test":"grunt"},"_id":"jquery@2.1.1-rc1","_shasum":"95c494fdbbd0cefc305260e11ad46ae49a387c3d","_from":".","_npmVersion":"1.4.7","_npmUser":{"name":"m_gol","email":"m.goleb@gmail.com"},"maintainers":[{"name":"dmethvin","email":"dave.methvin@gmail.com"},{"name":"scott.gonzalez","email":"scott.gonzalez@gmail.com"},{"name":"m_gol","email":"m.goleb@gmail.com"}],"dist":{"shasum":"95c494fdbbd0cefc305260e11ad46ae49a387c3d","tarball":"https://registry.npmjs.org/jquery/-/jquery-2.1.1-rc1.tgz"},"directories":{}},"1.11.1-rc1":{"name":"jquery","title":"jQuery","description":"JavaScript library for DOM operations","version":"1.11.1-rc1","main":"dist/jquery.js","homepage":"http://jquery.com","author":{"name":"jQuery Foundation and other contributors","url":"https://github.com/jquery/jquery/blob/1.11.1-rc1/AUTHORS.txt"},"repository":{"type":"git","url":"https://github.com/jquery/jquery.git"},"keywords":["jquery","javascript","library"],"bugs":{"url":"http://bugs.jquery.com"},"licenses":[{"type":"MIT","url":"https://github.com/jquery/jquery/blob/1.11.1-rc1/MIT-LICENSE.txt"}],"dependencies":{},"devDependencies":{"commitplease":"1.7.0","grunt":"0.4.2","grunt-bowercopy":"0.7.1","grunt-cli":"0.1.13","grunt-compare-size":"0.4.0","grunt-contrib-jshint":"0.8.0","grunt-contrib-uglify":"0.3.2","grunt-contrib-watch":"0.5.3","grunt-git-authors":"1.2.0","grunt-jscs-checker":"0.4.1","grunt-jsonlint":"1.0.4","gzip-js":"0.3.2","load-grunt-tasks":"0.3.0","requirejs":"2.1.10","testswarm":"1.1.0"},"scripts":{"build":"npm install && grunt","start":"grunt watch","test":"grunt"},"_id":"jquery@1.11.1-rc1","_shasum":"666a7df02488b48732d96e8ab9bdd34f61dd4238","_from":".","_npmVersion":"1.4.7","_npmUser":{"name":"m_gol","email":"m.goleb@gmail.com"},"maintainers":[{"name":"dmethvin","email":"dave.methvin@gmail.com"},{"name":"scott.gonzalez","email":"scott.gonzalez@gmail.com"},{"name":"m_gol","email":"m.goleb@gmail.com"}],"dist":{"shasum":"666a7df02488b48732d96e8ab9bdd34f61dd4238","tarball":"https://registry.npmjs.org/jquery/-/jquery-1.11.1-rc1.tgz"},"directories":{}},"2.1.1-rc2":{"name":"jquery","title":"jQuery","description":"JavaScript library for DOM operations","version":"2.1.1-rc2","main":"dist/jquery.js","homepage":"http://jquery.com","author":{"name":"jQuery Foundation and other contributors","url":"https://github.com/jquery/jquery/blob/2.1.1-rc2/AUTHORS.txt"},"repository":{"type":"git","url":"https://github.com/jquery/jquery.git"},"keywords":["jquery","javascript","library"],"bugs":{"url":"http://bugs.jquery.com"},"licenses":[{"type":"MIT","url":"https://github.com/jquery/jquery/blob/2.1.1-rc2/MIT-LICENSE.txt"}],"dependencies":{},"devDependencies":{"commitplease":"1.7.0","grunt":"0.4.2","grunt-bowercopy":"0.7.1","grunt-cli":"0.1.13","grunt-compare-size":"0.4.0","grunt-contrib-jshint":"0.8.0","grunt-contrib-uglify":"0.3.2","grunt-contrib-watch":"0.5.3","grunt-git-authors":"1.2.0","grunt-jscs-checker":"0.4.1","grunt-jsonlint":"1.0.4","gzip-js":"0.3.2","load-grunt-tasks":"0.3.0","requirejs":"2.1.10","testswarm":"1.1.0"},"scripts":{"build":"npm install && grunt","start":"grunt watch","test":"grunt"},"_id":"jquery@2.1.1-rc2","dist":{"shasum":"99833e415efa7ac8a4efecc5df6894b2f938a598","tarball":"https://registry.npmjs.org/jquery/-/jquery-2.1.1-rc2.tgz"},"_from":".","_npmVersion":"1.2.25","_npmUser":{"name":"dmethvin","email":"dave.methvin@gmail.com"},"maintainers":[{"name":"dmethvin","email":"dave.methvin@gmail.com"},{"name":"scott.gonzalez","email":"scott.gonzalez@gmail.com"},{"name":"m_gol","email":"m.goleb@gmail.com"}],"directories":{}},"1.11.1-rc2":{"name":"jquery","title":"jQuery","description":"JavaScript library for DOM operations","version":"1.11.1-rc2","main":"dist/jquery.js","homepage":"http://jquery.com","author":{"name":"jQuery Foundation and other contributors","url":"https://github.com/jquery/jquery/blob/1.11.1-rc2/AUTHORS.txt"},"repository":{"type":"git","url":"https://github.com/jquery/jquery.git"},"keywords":["jquery","javascript","library"],"bugs":{"url":"http://bugs.jquery.com"},"licenses":[{"type":"MIT","url":"https://github.com/jquery/jquery/blob/1.11.1-rc2/MIT-LICENSE.txt"}],"dependencies":{},"devDependencies":{"commitplease":"1.7.0","grunt":"0.4.2","grunt-bowercopy":"0.7.1","grunt-cli":"0.1.13","grunt-compare-size":"0.4.0","grunt-contrib-jshint":"0.8.0","grunt-contrib-uglify":"0.3.2","grunt-contrib-watch":"0.5.3","grunt-git-authors":"1.2.0","grunt-jscs-checker":"0.4.1","grunt-jsonlint":"1.0.4","gzip-js":"0.3.2","load-grunt-tasks":"0.3.0","requirejs":"2.1.10","testswarm":"1.1.0"},"scripts":{"build":"npm install && grunt","start":"grunt watch","test":"grunt"},"_id":"jquery@1.11.1-rc2","dist":{"shasum":"a4ef3edde0864d8524c5e72f59c459fd7a9ebd17","tarball":"https://registry.npmjs.org/jquery/-/jquery-1.11.1-rc2.tgz"},"_from":".","_npmVersion":"1.2.25","_npmUser":{"name":"dmethvin","email":"dave.methvin@gmail.com"},"maintainers":[{"name":"dmethvin","email":"dave.methvin@gmail.com"},{"name":"scott.gonzalez","email":"scott.gonzalez@gmail.com"},{"name":"m_gol","email":"m.goleb@gmail.com"}],"directories":{}},"2.1.1":{"name":"jquery","title":"jQuery","description":"JavaScript library for DOM operations","version":"2.1.1","main":"dist/jquery.js","homepage":"http://jquery.com","author":{"name":"jQuery Foundation and other contributors","url":"https://github.com/jquery/jquery/blob/2.1.1/AUTHORS.txt"},"repository":{"type":"git","url":"https://github.com/jquery/jquery.git"},"keywords":["jquery","javascript","browser","library"],"bugs":{"url":"http://bugs.jquery.com"},"licenses":[{"type":"MIT","url":"https://github.com/jquery/jquery/blob/2.1.1/MIT-LICENSE.txt"}],"dependencies":{},"devDependencies":{"commitplease":"1.7.0","grunt":"0.4.2","grunt-bowercopy":"0.7.1","grunt-cli":"0.1.13","grunt-compare-size":"0.4.0","grunt-contrib-jshint":"0.8.0","grunt-contrib-uglify":"0.3.2","grunt-contrib-watch":"0.5.3","grunt-git-authors":"1.2.0","grunt-jscs-checker":"0.4.1","grunt-jsonlint":"1.0.4","gzip-js":"0.3.2","load-grunt-tasks":"0.3.0","requirejs":"2.1.10","testswarm":"1.1.0"},"scripts":{"build":"npm install && grunt","start":"grunt watch","test":"grunt"},"_id":"jquery@2.1.1","dist":{"shasum":"828fc60f50f7ee5983363ef4eb01c5f70af4bd5b","tarball":"https://registry.npmjs.org/jquery/-/jquery-2.1.1.tgz"},"_from":".","_npmVersion":"1.2.25","_npmUser":{"name":"dmethvin","email":"dave.methvin@gmail.com"},"maintainers":[{"name":"dmethvin","email":"dave.methvin@gmail.com"},{"name":"scott.gonzalez","email":"scott.gonzalez@gmail.com"},{"name":"m_gol","email":"m.goleb@gmail.com"}],"directories":{}},"1.11.1":{"name":"jquery","title":"jQuery","description":"JavaScript library for DOM operations","version":"1.11.1","main":"dist/jquery.js","homepage":"http://jquery.com","author":{"name":"jQuery Foundation and other contributors","url":"https://github.com/jquery/jquery/blob/1.11.1/AUTHORS.txt"},"repository":{"type":"git","url":"https://github.com/jquery/jquery.git"},"keywords":["jquery","javascript","browser","library"],"bugs":{"url":"http://bugs.jquery.com"},"licenses":[{"type":"MIT","url":"https://github.com/jquery/jquery/blob/1.11.1/MIT-LICENSE.txt"}],"dependencies":{},"devDependencies":{"commitplease":"1.7.0","grunt":"0.4.2","grunt-bowercopy":"0.7.1","grunt-cli":"0.1.13","grunt-compare-size":"0.4.0","grunt-contrib-jshint":"0.8.0","grunt-contrib-uglify":"0.3.2","grunt-contrib-watch":"0.5.3","grunt-git-authors":"1.2.0","grunt-jscs-checker":"0.4.1","grunt-jsonlint":"1.0.4","gzip-js":"0.3.2","load-grunt-tasks":"0.3.0","requirejs":"2.1.10","testswarm":"1.1.0"},"scripts":{"build":"npm install && grunt","start":"grunt watch","test":"grunt"},"_id":"jquery@1.11.1","dist":{"shasum":"b6ec928590112ebed69e1e49cbfd0025ccd60ddb","tarball":"https://registry.npmjs.org/jquery/-/jquery-1.11.1.tgz"},"_from":".","_npmVersion":"1.2.25","_npmUser":{"name":"dmethvin","email":"dave.methvin@gmail.com"},"maintainers":[{"name":"dmethvin","email":"dave.methvin@gmail.com"},{"name":"scott.gonzalez","email":"scott.gonzalez@gmail.com"},{"name":"m_gol","email":"m.goleb@gmail.com"}],"directories":{}},"1.9.1":{"name":"jquery","title":"jQuery","description":"JavaScript library for DOM operations","version":"1.9.1","homepage":"http://jquery.com","author":{"name":"jQuery Foundation and other contributors","url":"https://github.com/jquery/jquery/blob/master/AUTHORS.txt"},"repository":{"type":"git","url":"https://github.com/jquery/jquery.git"},"bugs":{"url":"http://bugs.jquery.com"},"licenses":[{"type":"MIT","url":"https://github.com/jquery/jquery/blob/master/MIT-LICENSE.txt"}],"scripts":{"test":"grunt"},"dependencies":{},"devDependencies":{"grunt-compare-size":"~0.3.0","grunt-git-authors":"~1.1.0","grunt-update-submodules":"~0.2.0","grunt-contrib-watch":"~0.1.1","grunt-contrib-jshint":"~0.1.1","grunt-contrib-uglify":"~0.1.1","grunt":"~0.4.0","testswarm":"0.2.2"},"keywords":[],"gitHead":"d71f6a53927ad02d728503385d15539b73d21ac8","_id":"jquery@1.9.1","_shasum":"e4cd4835faaefbade535857613c0fc3ff2adaf34","_from":".","_npmVersion":"1.5.0-alpha-1","_npmUser":{"name":"timmywil","email":"timmywillisn@gmail.com"},"maintainers":[{"name":"dmethvin","email":"dave.methvin@gmail.com"},{"name":"scott.gonzalez","email":"scott.gonzalez@gmail.com"},{"name":"m_gol","email":"m.goleb@gmail.com"},{"name":"timmywil","email":"timmywillisn@gmail.com"}],"dist":{"shasum":"e4cd4835faaefbade535857613c0fc3ff2adaf34","tarball":"https://registry.npmjs.org/jquery/-/jquery-1.9.1.tgz"},"directories":{}},"2.1.2":{"name":"jquery","title":"jQuery","description":"JavaScript library for DOM operations","version":"2.1.2","main":"dist/jquery.js","homepage":"http://jquery.com","author":{"name":"jQuery Foundation and other contributors","url":"https://github.com/jquery/jquery/blob/2.1.2/AUTHORS.txt"},"repository":{"type":"git","url":"https://github.com/jquery/jquery.git"},"keywords":["jquery","javascript","browser","library"],"bugs":{"url":"http://bugs.jquery.com"},"licenses":[{"type":"MIT","url":"https://github.com/jquery/jquery/blob/2.1.2/MIT-LICENSE.txt"}],"dependencies":{},"devDependencies":{"commitplease":"1.7.0","grunt":"0.4.2","grunt-bowercopy":"0.7.1","grunt-cli":"0.1.13","grunt-compare-size":"0.4.0","grunt-contrib-jshint":"0.8.0","grunt-contrib-uglify":"0.3.2","grunt-contrib-watch":"0.5.3","grunt-git-authors":"1.2.0","grunt-jscs-checker":"0.4.1","grunt-jsonlint":"1.0.4","gzip-js":"0.3.2","load-grunt-tasks":"0.3.0","requirejs":"2.1.10","testswarm":"1.1.0"},"scripts":{"build":"npm install && grunt","start":"grunt watch","test":"grunt"},"gitHead":"a04f5ff9795fd6292117563623db44cf3f875868","_id":"jquery@2.1.2","_shasum":"b68f154cb2ea4731924883e9fe20ec199d1dc1e2","_from":".","_npmVersion":"1.4.28","_npmUser":{"name":"dmethvin","email":"dave.methvin@gmail.com"},"maintainers":[{"name":"dmethvin","email":"dave.methvin@gmail.com"},{"name":"scott.gonzalez","email":"scott.gonzalez@gmail.com"},{"name":"m_gol","email":"m.goleb@gmail.com"},{"name":"timmywil","email":"timmywillisn@gmail.com"}],"dist":{"shasum":"b68f154cb2ea4731924883e9fe20ec199d1dc1e2","tarball":"https://registry.npmjs.org/jquery/-/jquery-2.1.2.tgz"},"directories":{}},"1.11.2":{"name":"jquery","title":"jQuery","description":"JavaScript library for DOM operations","version":"1.11.2","main":"dist/jquery.js","homepage":"http://jquery.com","author":{"name":"jQuery Foundation and other contributors","url":"https://github.com/jquery/jquery/blob/1.11.2/AUTHORS.txt"},"repository":{"type":"git","url":"https://github.com/jquery/jquery.git"},"keywords":["jquery","javascript","browser","library"],"bugs":{"url":"http://bugs.jquery.com"},"licenses":[{"type":"MIT","url":"https://github.com/jquery/jquery/blob/1.11.2/MIT-LICENSE.txt"}],"dependencies":{},"devDependencies":{"commitplease":"2.0.0","grunt":"0.4.2","grunt-bowercopy":"0.7.1","grunt-cli":"0.1.13","grunt-compare-size":"0.4.0","grunt-contrib-jshint":"0.8.0","grunt-contrib-uglify":"0.3.2","grunt-contrib-watch":"0.5.3","grunt-git-authors":"1.2.0","grunt-jscs-checker":"0.4.1","grunt-jsonlint":"1.0.4","gzip-js":"0.3.2","load-grunt-tasks":"0.3.0","requirejs":"2.1.10","testswarm":"1.1.0"},"scripts":{"build":"npm install && grunt","start":"grunt watch","test":"grunt"},"gitHead":"9690801db01709bfbff5f977d07fb7cc14472908","_id":"jquery@1.11.2","_shasum":"30ab26857211c37caa83da0f6903155fe49bb72d","_from":".","_npmVersion":"1.4.28","_npmUser":{"name":"dmethvin","email":"dave.methvin@gmail.com"},"maintainers":[{"name":"dmethvin","email":"dave.methvin@gmail.com"},{"name":"scott.gonzalez","email":"scott.gonzalez@gmail.com"},{"name":"m_gol","email":"m.goleb@gmail.com"},{"name":"timmywil","email":"timmywillisn@gmail.com"}],"dist":{"shasum":"30ab26857211c37caa83da0f6903155fe49bb72d","tarball":"https://registry.npmjs.org/jquery/-/jquery-1.11.2.tgz"},"directories":{}},"2.1.3":{"name":"jquery","title":"jQuery","description":"JavaScript library for DOM operations","version":"2.1.3","main":"dist/jquery.js","homepage":"http://jquery.com","author":{"name":"jQuery Foundation and other contributors","url":"https://github.com/jquery/jquery/blob/2.1.3/AUTHORS.txt"},"repository":{"type":"git","url":"https://github.com/jquery/jquery.git"},"keywords":["jquery","javascript","browser","library"],"bugs":{"url":"http://bugs.jquery.com"},"licenses":[{"type":"MIT","url":"https://github.com/jquery/jquery/blob/2.1.3/MIT-LICENSE.txt"}],"dependencies":{},"devDependencies":{"commitplease":"2.0.0","grunt":"0.4.2","grunt-bowercopy":"0.7.1","grunt-cli":"0.1.13","grunt-compare-size":"0.4.0","grunt-contrib-jshint":"0.8.0","grunt-contrib-uglify":"0.3.2","grunt-contrib-watch":"0.5.3","grunt-git-authors":"1.2.0","grunt-jscs-checker":"0.4.1","grunt-jsonlint":"1.0.4","gzip-js":"0.3.2","jsdom":"1.5.0","load-grunt-tasks":"0.3.0","requirejs":"2.1.10","testswarm":"1.1.0"},"scripts":{"build":"npm install && grunt","start":"grunt watch","test":"grunt"},"gitHead":"8f2a9d9272d6ed7f32d3a484740ab342c02541e0","_id":"jquery@2.1.3","_shasum":"6ec55204673d505d39432c5bf5cfad10e1dbad2e","_from":".","_npmVersion":"2.1.14","_nodeVersion":"0.11.14","_npmUser":{"name":"m_gol","email":"m.goleb@gmail.com"},"maintainers":[{"name":"dmethvin","email":"dave.methvin@gmail.com"},{"name":"scott.gonzalez","email":"scott.gonzalez@gmail.com"},{"name":"m_gol","email":"m.goleb@gmail.com"},{"name":"timmywil","email":"timmywillisn@gmail.com"}],"dist":{"shasum":"6ec55204673d505d39432c5bf5cfad10e1dbad2e","tarball":"https://registry.npmjs.org/jquery/-/jquery-2.1.3.tgz"},"directories":{}},"2.1.4":{"name":"jquery","title":"jQuery","description":"JavaScript library for DOM operations","version":"2.1.4","main":"dist/jquery.js","homepage":"http://jquery.com","author":{"name":"jQuery Foundation and other contributors","url":"https://github.com/jquery/jquery/blob/2.1.4/AUTHORS.txt"},"repository":{"type":"git","url":"https://github.com/jquery/jquery.git"},"keywords":["jquery","javascript","browser","library"],"bugs":{"url":"http://bugs.jquery.com"},"licenses":[{"type":"MIT","url":"https://github.com/jquery/jquery/blob/2.1.4/MIT-LICENSE.txt"}],"dependencies":{},"devDependencies":{"commitplease":"2.0.0","grunt":"0.4.2","grunt-bowercopy":"0.7.1","grunt-cli":"0.1.13","grunt-compare-size":"0.4.0","grunt-contrib-jshint":"0.8.0","grunt-contrib-uglify":"0.3.2","grunt-contrib-watch":"0.5.3","grunt-git-authors":"1.2.0","grunt-jscs-checker":"0.4.1","grunt-jsonlint":"1.0.4","gzip-js":"0.3.2","jsdom":"1.5.0","load-grunt-tasks":"0.3.0","requirejs":"2.1.10","testswarm":"1.1.0"},"scripts":{"build":"npm install && grunt","start":"grunt watch","test":"grunt"},"gitHead":"7751e69b615c6eca6f783a81e292a55725af6b85","_id":"jquery@2.1.4","_shasum":"228bde698a0c61431dc2630a6a154f15890d2317","_from":".","_npmVersion":"2.7.4","_nodeVersion":"0.12.2","_npmUser":{"name":"timmywil","email":"timmywillisn@gmail.com"},"maintainers":[{"name":"dmethvin","email":"dave.methvin@gmail.com"},{"name":"scott.gonzalez","email":"scott.gonzalez@gmail.com"},{"name":"m_gol","email":"m.goleb@gmail.com"},{"name":"timmywil","email":"timmywillisn@gmail.com"}],"dist":{"shasum":"228bde698a0c61431dc2630a6a154f15890d2317","tarball":"https://registry.npmjs.org/jquery/-/jquery-2.1.4.tgz"},"directories":{}},"1.11.3":{"name":"jquery","title":"jQuery","description":"JavaScript library for DOM operations","version":"1.11.3","main":"dist/jquery.js","homepage":"http://jquery.com","author":{"name":"jQuery Foundation and other contributors","url":"https://github.com/jquery/jquery/blob/1.11.3/AUTHORS.txt"},"repository":{"type":"git","url":"https://github.com/jquery/jquery.git"},"keywords":["jquery","javascript","browser","library"],"bugs":{"url":"http://bugs.jquery.com"},"licenses":[{"type":"MIT","url":"https://github.com/jquery/jquery/blob/1.11.3/MIT-LICENSE.txt"}],"dependencies":{},"devDependencies":{"commitplease":"2.0.0","grunt":"0.4.2","grunt-bowercopy":"0.7.1","grunt-cli":"0.1.13","grunt-compare-size":"0.4.0","grunt-contrib-jshint":"0.8.0","grunt-contrib-uglify":"0.3.2","grunt-contrib-watch":"0.5.3","grunt-git-authors":"1.2.0","grunt-jscs-checker":"0.4.1","grunt-jsonlint":"1.0.4","gzip-js":"0.3.2","load-grunt-tasks":"0.3.0","requirejs":"2.1.10","testswarm":"1.1.0"},"scripts":{"build":"npm install && grunt","start":"grunt watch","test":"grunt"},"gitHead":"1472290917f17af05e98007136096784f9051fab","_id":"jquery@1.11.3","_shasum":"dd8b74278b27102d29df63eae28308a8cfa1b583","_from":".","_npmVersion":"2.7.4","_nodeVersion":"0.12.2","_npmUser":{"name":"timmywil","email":"timmywillisn@gmail.com"},"maintainers":[{"name":"dmethvin","email":"dave.methvin@gmail.com"},{"name":"scott.gonzalez","email":"scott.gonzalez@gmail.com"},{"name":"m_gol","email":"m.goleb@gmail.com"},{"name":"timmywil","email":"timmywillisn@gmail.com"}],"dist":{"shasum":"dd8b74278b27102d29df63eae28308a8cfa1b583","tarball":"https://registry.npmjs.org/jquery/-/jquery-1.11.3.tgz"},"directories":{}},"3.0.0-alpha1":{"name":"jquery","title":"jQuery","description":"JavaScript library for DOM operations","version":"3.0.0-alpha1","main":"dist/jquery.js","homepage":"http://jquery.com","author":{"name":"jQuery Foundation and other contributors","url":"https://github.com/jquery/jquery/blob/3.0.0-alpha1/AUTHORS.txt"},"repository":{"type":"git","url":"git+https://github.com/jquery/jquery.git"},"keywords":["jquery","javascript","browser","library"],"bugs":{"url":"https://github.com/jquery/jquery/issues"},"license":"MIT","dependencies":{},"devDependencies":{"commitplease":"2.0.0","core-js":"0.9.17","grunt":"0.4.5","grunt-babel":"5.0.1","grunt-cli":"0.1.13","grunt-compare-size":"0.4.0","grunt-contrib-jshint":"0.11.2","grunt-contrib-uglify":"0.7.0","grunt-contrib-watch":"0.6.1","grunt-git-authors":"2.0.1","grunt-jscs-checker":"0.8.1","grunt-jsonlint":"1.0.4","grunt-npmcopy":"0.1.0","gzip-js":"0.3.2","load-grunt-tasks":"1.0.0","native-promise-only":"0.7.8-a","promises-aplus-tests":"2.1.0","q":"1.1.2","qunitjs":"1.17.1","requirejs":"2.1.17","sinon":"1.10.3","sizzle":"2.2.0","testswarm":"1.1.0","win-spawn":"2.0.0"},"jsdomVersions":{"node":"3.1.2","iojs":"5.3.0"},"scripts":{"build":"npm install && grunt","start":"grunt watch","test":"grunt && grunt test"},"commitplease":{"components":["Docs","Tests","Build","Release","Core","Ajax","Attributes","Callbacks","CSS","Data","Deferred","Dimensions","Effects","Event","Manipulation","Offset","Queue","Selector","Serialize","Traversing","Wrap"]},"gitHead":"2c92869b752bb8e0fe74c3183f40f3f58b7b906d","_id":"jquery@3.0.0-alpha1","_shasum":"3493d672266e21c2dffb2714f935448edebe3c62","_from":".","_npmVersion":"2.11.3","_nodeVersion":"0.12.7","_npmUser":{"name":"timmywil","email":"timmywillisn@gmail.com"},"maintainers":[{"name":"dmethvin","email":"dave.methvin@gmail.com"},{"name":"scott.gonzalez","email":"scott.gonzalez@gmail.com"},{"name":"m_gol","email":"m.goleb@gmail.com"},{"name":"timmywil","email":"timmywillisn@gmail.com"}],"dist":{"shasum":"3493d672266e21c2dffb2714f935448edebe3c62","tarball":"https://registry.npmjs.org/jquery/-/jquery-3.0.0-alpha1.tgz"},"directories":{}},"1.12.0":{"name":"jquery","title":"jQuery","description":"JavaScript library for DOM operations","version":"1.12.0","main":"dist/jquery.js","homepage":"http://jquery.com","author":{"name":"jQuery Foundation and other contributors","url":"https://github.com/jquery/jquery/blob/1.12-stable/AUTHORS.txt"},"repository":{"type":"git","url":"git+https://github.com/jquery/jquery.git"},"keywords":["jquery","javascript","browser","library"],"bugs":{"url":"https://github.com/jquery/jquery/issues"},"license":"MIT","dependencies":{},"devDependencies":{"commitplease":"2.0.0","core-js":"0.9.17","grunt":"0.4.5","grunt-babel":"5.0.1","grunt-cli":"0.1.13","grunt-compare-size":"0.4.0","grunt-contrib-jshint":"0.11.2","grunt-contrib-uglify":"0.9.2","grunt-contrib-watch":"0.6.1","grunt-git-authors":"2.0.1","grunt-jscs":"2.1.0","grunt-jsonlint":"1.0.4","grunt-npmcopy":"0.1.0","gzip-js":"0.3.2","jsdom":"5.6.1","load-grunt-tasks":"1.0.0","npm":"2.1.12","qunitjs":"1.17.1","qunit-assert-step":"1.0.3","requirejs":"2.1.17","sinon":"1.12.2","sizzle":"2.2.1","strip-json-comments":"1.0.3","testswarm":"1.1.0","win-spawn":"2.0.0"},"scripts":{"build":"npm install && grunt","start":"grunt watch","test":"grunt && grunt test"},"commitplease":{"components":["Docs","Tests","Build","Release","Core","Ajax","Attributes","Callbacks","CSS","Data","Deferred","Deprecated","Dimensions","Effects","Event","Manipulation","Offset","Queue","Selector","Serialize","Traversing","Wrap"]},"gitHead":"efbdc6e3f0fa3d3cd4d3d8bfa37990b707f7c2e1","_id":"jquery@1.12.0","_shasum":"44653be4e3e4628b106bf2141dfd10fbca6021ef","_from":".","_npmVersion":"3.3.12","_nodeVersion":"5.2.0","_npmUser":{"name":"timmywil","email":"timmywillisn@gmail.com"},"maintainers":[{"name":"dmethvin","email":"dave.methvin@gmail.com"},{"name":"scott.gonzalez","email":"scott.gonzalez@gmail.com"},{"name":"m_gol","email":"m.goleb@gmail.com"},{"name":"timmywil","email":"timmywillisn@gmail.com"}],"dist":{"shasum":"44653be4e3e4628b106bf2141dfd10fbca6021ef","tarball":"https://registry.npmjs.org/jquery/-/jquery-1.12.0.tgz"},"directories":{}},"2.2.0":{"name":"jquery","title":"jQuery","description":"JavaScript library for DOM operations","version":"2.2.0","main":"dist/jquery.js","homepage":"http://jquery.com","author":{"name":"jQuery Foundation and other contributors","url":"https://github.com/jquery/jquery/blob/2.2.0/AUTHORS.txt"},"repository":{"type":"git","url":"git+https://github.com/jquery/jquery.git"},"keywords":["jquery","javascript","browser","library"],"bugs":{"url":"https://github.com/jquery/jquery/issues"},"license":"MIT","dependencies":{},"devDependencies":{"commitplease":"2.0.0","core-js":"0.9.17","grunt":"0.4.5","grunt-babel":"5.0.1","grunt-cli":"0.1.13","grunt-compare-size":"0.4.0","grunt-contrib-jshint":"0.11.2","grunt-contrib-uglify":"0.9.2","grunt-contrib-watch":"0.6.1","grunt-git-authors":"2.0.1","grunt-jscs":"2.1.0","grunt-jsonlint":"1.0.4","grunt-npmcopy":"0.1.0","gzip-js":"0.3.2","jsdom":"5.6.1","load-grunt-tasks":"1.0.0","qunitjs":"1.17.1","qunit-assert-step":"1.0.3","requirejs":"2.1.17","sinon":"1.10.3","sizzle":"2.2.1","strip-json-comments":"1.0.3","testswarm":"1.1.0","win-spawn":"2.0.0"},"scripts":{"build":"npm install && grunt","start":"grunt watch","test":"grunt && grunt test"},"commitplease":{"components":["Docs","Tests","Build","Release","Core","Ajax","Attributes","Callbacks","CSS","Data","Deferred","Deprecated","Dimensions","Effects","Event","Manipulation","Offset","Queue","Selector","Serialize","Traversing","Wrap"]},"gitHead":"6fc01e29bdad0964f62ef56d01297039cdcadbe5","_id":"jquery@2.2.0","_shasum":"d0e84ebbf199da51bf7ec39307f19b35754e9cba","_from":".","_npmVersion":"3.3.12","_nodeVersion":"5.2.0","_npmUser":{"name":"timmywil","email":"timmywillisn@gmail.com"},"maintainers":[{"name":"dmethvin","email":"dave.methvin@gmail.com"},{"name":"scott.gonzalez","email":"scott.gonzalez@gmail.com"},{"name":"m_gol","email":"m.goleb@gmail.com"},{"name":"timmywil","email":"timmywillisn@gmail.com"}],"dist":{"shasum":"d0e84ebbf199da51bf7ec39307f19b35754e9cba","tarball":"https://registry.npmjs.org/jquery/-/jquery-2.2.0.tgz"},"directories":{}},"3.0.0-beta1":{"name":"jquery","title":"jQuery","description":"JavaScript library for DOM operations","version":"3.0.0-beta1","main":"dist/jquery.js","homepage":"https://jquery.com","author":{"name":"jQuery Foundation and other contributors","url":"https://github.com/jquery/jquery/blob/3.0.0-beta1/AUTHORS.txt"},"repository":{"type":"git","url":"git+https://github.com/jquery/jquery.git"},"keywords":["jquery","javascript","browser","library"],"bugs":{"url":"https://github.com/jquery/jquery/issues"},"license":"MIT","dependencies":{},"devDependencies":{"commitplease":"2.0.0","core-js":"0.9.17","grunt":"0.4.5","grunt-babel":"5.0.1","grunt-cli":"0.1.13","grunt-compare-size":"0.4.0","grunt-contrib-jshint":"0.11.2","grunt-contrib-uglify":"0.9.2","grunt-contrib-watch":"0.6.1","grunt-git-authors":"2.0.1","grunt-jscs":"2.1.0","grunt-jsonlint":"1.0.4","grunt-npmcopy":"0.1.0","gzip-js":"0.3.2","jsdom":"5.6.1","load-grunt-tasks":"1.0.0","native-promise-only":"0.7.8-a","promises-aplus-tests":"2.1.0","q":"1.1.2","qunitjs":"1.17.1","qunit-assert-step":"1.0.3","requirejs":"2.1.17","sinon":"1.10.3","sizzle":"2.3.0","strip-json-comments":"1.0.3","testswarm":"1.1.0","win-spawn":"2.0.0"},"scripts":{"build":"npm install && grunt","start":"grunt watch","test":"grunt && grunt test"},"commitplease":{"components":["Docs","Tests","Build","Release","Core","Ajax","Attributes","Callbacks","CSS","Data","Deferred","Deprecated","Dimensions","Effects","Event","Manipulation","Offset","Queue","Selector","Serialize","Traversing","Wrap"]},"gitHead":"2ef761afd9addf78193f5191ece03bb20c9182c2","_id":"jquery@3.0.0-beta1","_shasum":"d2a4e368e2eed7050bf66abbbb54db2ea345349d","_from":".","_npmVersion":"3.3.12","_nodeVersion":"5.2.0","_npmUser":{"name":"timmywil","email":"timmywillisn@gmail.com"},"maintainers":[{"name":"dmethvin","email":"dave.methvin@gmail.com"},{"name":"scott.gonzalez","email":"scott.gonzalez@gmail.com"},{"name":"m_gol","email":"m.goleb@gmail.com"},{"name":"timmywil","email":"timmywillisn@gmail.com"}],"dist":{"shasum":"d2a4e368e2eed7050bf66abbbb54db2ea345349d","tarball":"https://registry.npmjs.org/jquery/-/jquery-3.0.0-beta1.tgz"},"directories":{}},"1.12.1":{"name":"jquery","title":"jQuery","description":"JavaScript library for DOM operations","version":"1.12.1","main":"dist/jquery.js","homepage":"http://jquery.com","author":{"name":"jQuery Foundation and other contributors","url":"https://github.com/jquery/jquery/blob/1.12-stable/AUTHORS.txt"},"repository":{"type":"git","url":"git+https://github.com/jquery/jquery.git"},"keywords":["jquery","javascript","browser","library"],"bugs":{"url":"https://github.com/jquery/jquery/issues"},"license":"MIT","dependencies":{},"devDependencies":{"commitplease":"2.0.0","core-js":"0.9.17","grunt":"0.4.5","grunt-babel":"5.0.1","grunt-cli":"0.1.13","grunt-compare-size":"0.4.0","grunt-contrib-jshint":"0.11.2","grunt-contrib-uglify":"0.9.2","grunt-contrib-watch":"0.6.1","grunt-git-authors":"2.0.1","grunt-jscs":"2.1.0","grunt-jsonlint":"1.0.4","grunt-npmcopy":"0.1.0","gzip-js":"0.3.2","jsdom":"5.6.1","load-grunt-tasks":"1.0.0","npm":"2.1.12","qunitjs":"1.17.1","qunit-assert-step":"1.0.3","requirejs":"2.1.17","sinon":"1.12.2","sizzle":"2.2.1","strip-json-comments":"1.0.3","testswarm":"1.1.0","win-spawn":"2.0.0"},"scripts":{"build":"npm install && grunt","start":"grunt watch","test":"grunt && grunt test"},"commitplease":{"components":["Docs","Tests","Build","Release","Core","Ajax","Attributes","Callbacks","CSS","Data","Deferred","Deprecated","Dimensions","Effects","Event","Manipulation","Offset","Queue","Selector","Serialize","Traversing","Wrap"]},"gitHead":"56ead6ffbf8560c521e7e94518d35db42b19f5f3","_id":"jquery@1.12.1","_shasum":"9cc34ce4780d4ceb90c44328f071064f01960c18","_from":".","_npmVersion":"2.14.19","_nodeVersion":"0.10.42","_npmUser":{"name":"timmywil","email":"timmywillisn@gmail.com"},"maintainers":[{"name":"dmethvin","email":"dave.methvin@gmail.com"},{"name":"scott.gonzalez","email":"scott.gonzalez@gmail.com"},{"name":"m_gol","email":"m.goleb@gmail.com"},{"name":"timmywil","email":"timmywillisn@gmail.com"}],"dist":{"shasum":"9cc34ce4780d4ceb90c44328f071064f01960c18","tarball":"https://registry.npmjs.org/jquery/-/jquery-1.12.1.tgz"},"_npmOperationalInternal":{"host":"packages-5-east.internal.npmjs.com","tmp":"tmp/jquery-1.12.1.tgz_1456168080336_0.4474994211923331"},"directories":{}},"2.2.1":{"name":"jquery","title":"jQuery","description":"JavaScript library for DOM operations","version":"2.2.1","main":"dist/jquery.js","homepage":"http://jquery.com","author":{"name":"jQuery Foundation and other contributors","url":"https://github.com/jquery/jquery/blob/2.2.1/AUTHORS.txt"},"repository":{"type":"git","url":"git+https://github.com/jquery/jquery.git"},"keywords":["jquery","javascript","browser","library"],"bugs":{"url":"https://github.com/jquery/jquery/issues"},"license":"MIT","dependencies":{},"devDependencies":{"commitplease":"2.0.0","core-js":"0.9.17","grunt":"0.4.5","grunt-babel":"5.0.1","grunt-cli":"0.1.13","grunt-compare-size":"0.4.0","grunt-contrib-jshint":"0.11.2","grunt-contrib-uglify":"0.9.2","grunt-contrib-watch":"0.6.1","grunt-git-authors":"2.0.1","grunt-jscs":"2.1.0","grunt-jsonlint":"1.0.4","grunt-npmcopy":"0.1.0","gzip-js":"0.3.2","jsdom":"5.6.1","load-grunt-tasks":"1.0.0","qunitjs":"1.17.1","qunit-assert-step":"1.0.3","requirejs":"2.1.17","sinon":"1.10.3","sizzle":"2.2.1","strip-json-comments":"1.0.3","testswarm":"1.1.0","win-spawn":"2.0.0"},"scripts":{"build":"npm install && grunt","start":"grunt watch","test":"grunt && grunt test"},"commitplease":{"components":["Docs","Tests","Build","Release","Core","Ajax","Attributes","Callbacks","CSS","Data","Deferred","Deprecated","Dimensions","Effects","Event","Manipulation","Offset","Queue","Selector","Serialize","Traversing","Wrap"]},"gitHead":"788eaba2f83e7b7445c7a83a50c81c0704423874","_id":"jquery@2.2.1","_shasum":"3c3e16854ad3d2ac44ac65021b17426d22ad803f","_from":".","_npmVersion":"2.14.19","_nodeVersion":"0.10.42","_npmUser":{"name":"timmywil","email":"timmywillisn@gmail.com"},"maintainers":[{"name":"dmethvin","email":"dave.methvin@gmail.com"},{"name":"scott.gonzalez","email":"scott.gonzalez@gmail.com"},{"name":"m_gol","email":"m.goleb@gmail.com"},{"name":"timmywil","email":"timmywillisn@gmail.com"}],"dist":{"shasum":"3c3e16854ad3d2ac44ac65021b17426d22ad803f","tarball":"https://registry.npmjs.org/jquery/-/jquery-2.2.1.tgz"},"_npmOperationalInternal":{"host":"packages-9-west.internal.npmjs.com","tmp":"tmp/jquery-2.2.1.tgz_1456168325917_0.42471840139478445"},"directories":{}},"1.12.2":{"name":"jquery","title":"jQuery","description":"JavaScript library for DOM operations","version":"1.12.2","main":"dist/jquery.js","homepage":"http://jquery.com","author":{"name":"jQuery Foundation and other contributors","url":"https://github.com/jquery/jquery/blob/1.12-stable/AUTHORS.txt"},"repository":{"type":"git","url":"git+https://github.com/jquery/jquery.git"},"keywords":["jquery","javascript","browser","library"],"bugs":{"url":"https://github.com/jquery/jquery/issues"},"license":"MIT","dependencies":{},"devDependencies":{"commitplease":"2.0.0","core-js":"0.9.17","grunt":"0.4.5","grunt-babel":"5.0.1","grunt-cli":"0.1.13","grunt-compare-size":"0.4.0","grunt-contrib-jshint":"0.11.2","grunt-contrib-uglify":"0.9.2","grunt-contrib-watch":"0.6.1","grunt-git-authors":"2.0.1","grunt-jscs":"2.1.0","grunt-jsonlint":"1.0.4","grunt-npmcopy":"0.1.0","gzip-js":"0.3.2","jsdom":"5.6.1","load-grunt-tasks":"1.0.0","npm":"2.1.12","qunitjs":"1.17.1","qunit-assert-step":"1.0.3","requirejs":"2.1.17","sinon":"1.12.2","sizzle":"2.2.1","strip-json-comments":"1.0.3","testswarm":"1.1.0","win-spawn":"2.0.0"},"scripts":{"build":"npm install && grunt","start":"grunt watch","test":"grunt && grunt test"},"commitplease":{"components":["Docs","Tests","Build","Release","Core","Ajax","Attributes","Callbacks","CSS","Data","Deferred","Deprecated","Dimensions","Effects","Event","Manipulation","Offset","Queue","Selector","Serialize","Traversing","Wrap"]},"gitHead":"a9b5f8ac96f6aa7bfc7b0795cb16d65c4f15b64e","_id":"jquery@1.12.2","_shasum":"b8a8b45937312a19eebbcf5a0589b0311c8220bb","_from":".","_npmVersion":"3.7.3","_nodeVersion":"5.8.0","_npmUser":{"name":"timmywil","email":"timmywillisn@gmail.com"},"dist":{"shasum":"b8a8b45937312a19eebbcf5a0589b0311c8220bb","tarball":"https://registry.npmjs.org/jquery/-/jquery-1.12.2.tgz"},"maintainers":[{"name":"dmethvin","email":"dave.methvin@gmail.com"},{"name":"scott.gonzalez","email":"scott.gonzalez@gmail.com"},{"name":"m_gol","email":"m.goleb@gmail.com"},{"name":"timmywil","email":"timmywillisn@gmail.com"}],"_npmOperationalInternal":{"host":"packages-12-west.internal.npmjs.com","tmp":"tmp/jquery-1.12.2.tgz_1458236759160_0.3557943068444729"},"directories":{}},"2.2.2":{"name":"jquery","title":"jQuery","description":"JavaScript library for DOM operations","version":"2.2.2","main":"dist/jquery.js","homepage":"http://jquery.com","author":{"name":"jQuery Foundation and other contributors","url":"https://github.com/jquery/jquery/blob/2.2.2/AUTHORS.txt"},"repository":{"type":"git","url":"git+https://github.com/jquery/jquery.git"},"keywords":["jquery","javascript","browser","library"],"bugs":{"url":"https://github.com/jquery/jquery/issues"},"license":"MIT","dependencies":{},"devDependencies":{"commitplease":"2.0.0","core-js":"0.9.17","grunt":"0.4.5","grunt-babel":"5.0.1","grunt-cli":"0.1.13","grunt-compare-size":"0.4.0","grunt-contrib-jshint":"0.11.2","grunt-contrib-uglify":"0.9.2","grunt-contrib-watch":"0.6.1","grunt-git-authors":"2.0.1","grunt-jscs":"2.1.0","grunt-jsonlint":"1.0.4","grunt-npmcopy":"0.1.0","gzip-js":"0.3.2","jsdom":"5.6.1","load-grunt-tasks":"1.0.0","qunitjs":"1.17.1","qunit-assert-step":"1.0.3","requirejs":"2.1.17","sinon":"1.10.3","sizzle":"2.2.1","strip-json-comments":"1.0.3","testswarm":"1.1.0","win-spawn":"2.0.0"},"scripts":{"build":"npm install && grunt","start":"grunt watch","test":"grunt && grunt test"},"commitplease":{"components":["Docs","Tests","Build","Release","Core","Ajax","Attributes","Callbacks","CSS","Data","Deferred","Deprecated","Dimensions","Effects","Event","Manipulation","Offset","Queue","Selector","Serialize","Traversing","Wrap"]},"gitHead":"086d381cd2f3b4b8b0af85ecb2c9593a61e5b4bd","_id":"jquery@2.2.2","_shasum":"3e302dc61eb329a21e9efac937d731f061134c59","_from":".","_npmVersion":"3.7.3","_nodeVersion":"5.8.0","_npmUser":{"name":"timmywil","email":"timmywillisn@gmail.com"},"dist":{"shasum":"3e302dc61eb329a21e9efac937d731f061134c59","tarball":"https://registry.npmjs.org/jquery/-/jquery-2.2.2.tgz"},"maintainers":[{"name":"dmethvin","email":"dave.methvin@gmail.com"},{"name":"scott.gonzalez","email":"scott.gonzalez@gmail.com"},{"name":"m_gol","email":"m.goleb@gmail.com"},{"name":"timmywil","email":"timmywillisn@gmail.com"}],"_npmOperationalInternal":{"host":"packages-12-west.internal.npmjs.com","tmp":"tmp/jquery-2.2.2.tgz_1458237146417_0.4190880397800356"},"directories":{}},"1.12.3":{"name":"jquery","title":"jQuery","description":"JavaScript library for DOM operations","version":"1.12.3","main":"dist/jquery.js","homepage":"http://jquery.com","author":{"name":"jQuery Foundation and other contributors","url":"https://github.com/jquery/jquery/blob/1.12-stable/AUTHORS.txt"},"repository":{"type":"git","url":"git+https://github.com/jquery/jquery.git"},"keywords":["jquery","javascript","browser","library"],"bugs":{"url":"https://github.com/jquery/jquery/issues"},"license":"MIT","dependencies":{},"devDependencies":{"commitplease":"2.0.0","core-js":"0.9.17","grunt":"0.4.5","grunt-babel":"5.0.1","grunt-cli":"0.1.13","grunt-compare-size":"0.4.0","grunt-contrib-jshint":"0.11.2","grunt-contrib-uglify":"0.9.2","grunt-contrib-watch":"0.6.1","grunt-git-authors":"2.0.1","grunt-jscs":"2.1.0","grunt-jsonlint":"1.0.4","grunt-npmcopy":"0.1.0","gzip-js":"0.3.2","jsdom":"5.6.1","load-grunt-tasks":"1.0.0","npm":"2.1.12","qunitjs":"1.17.1","qunit-assert-step":"1.0.3","requirejs":"2.1.17","sinon":"1.12.2","sizzle":"2.2.1","strip-json-comments":"1.0.3","testswarm":"1.1.0","win-spawn":"2.0.0"},"scripts":{"build":"npm install && grunt","start":"grunt watch","test":"grunt && grunt test"},"commitplease":{"components":["Docs","Tests","Build","Release","Core","Ajax","Attributes","Callbacks","CSS","Data","Deferred","Deprecated","Dimensions","Effects","Event","Manipulation","Offset","Queue","Selector","Serialize","Traversing","Wrap"]},"gitHead":"3a43d7e563314bf32970b773dd31ecf2b90813dd","_id":"jquery@1.12.3","_shasum":"1298b88b908e7c7f7501eb8c1a61f1ac8337b531","_from":".","_npmVersion":"3.7.3","_nodeVersion":"5.8.0","_npmUser":{"name":"timmywil","email":"timmywillisn@gmail.com"},"dist":{"shasum":"1298b88b908e7c7f7501eb8c1a61f1ac8337b531","tarball":"https://registry.npmjs.org/jquery/-/jquery-1.12.3.tgz"},"maintainers":[{"name":"dmethvin","email":"dave.methvin@gmail.com"},{"name":"scott.gonzalez","email":"scott.gonzalez@gmail.com"},{"name":"m_gol","email":"m.goleb@gmail.com"},{"name":"timmywil","email":"timmywillisn@gmail.com"}],"_npmOperationalInternal":{"host":"packages-12-west.internal.npmjs.com","tmp":"tmp/jquery-1.12.3.tgz_1459884094815_0.5328964435029775"},"directories":{}},"2.2.3":{"name":"jquery","title":"jQuery","description":"JavaScript library for DOM operations","version":"2.2.3","main":"dist/jquery.js","homepage":"http://jquery.com","author":{"name":"jQuery Foundation and other contributors","url":"https://github.com/jquery/jquery/blob/2.2.3/AUTHORS.txt"},"repository":{"type":"git","url":"git+https://github.com/jquery/jquery.git"},"keywords":["jquery","javascript","browser","library"],"bugs":{"url":"https://github.com/jquery/jquery/issues"},"license":"MIT","dependencies":{},"devDependencies":{"commitplease":"2.0.0","core-js":"0.9.17","grunt":"0.4.5","grunt-babel":"5.0.1","grunt-cli":"0.1.13","grunt-compare-size":"0.4.0","grunt-contrib-jshint":"0.11.2","grunt-contrib-uglify":"0.9.2","grunt-contrib-watch":"0.6.1","grunt-git-authors":"2.0.1","grunt-jscs":"2.1.0","grunt-jsonlint":"1.0.4","grunt-npmcopy":"0.1.0","gzip-js":"0.3.2","jsdom":"5.6.1","load-grunt-tasks":"1.0.0","qunitjs":"1.17.1","qunit-assert-step":"1.0.3","requirejs":"2.1.17","sinon":"1.10.3","sizzle":"2.2.1","strip-json-comments":"1.0.3","testswarm":"1.1.0","win-spawn":"2.0.0"},"scripts":{"build":"npm install && grunt","start":"grunt watch","test":"grunt && grunt test"},"commitplease":{"components":["Docs","Tests","Build","Release","Core","Ajax","Attributes","Callbacks","CSS","Data","Deferred","Deprecated","Dimensions","Effects","Event","Manipulation","Offset","Queue","Selector","Serialize","Traversing","Wrap"]},"gitHead":"af22a351b2ea5801ffb1695abb3bb34d5bed9198","_id":"jquery@2.2.3","_shasum":"45e07e4190334de36c9e1a64b43b1f1373d91758","_from":".","_npmVersion":"3.7.3","_nodeVersion":"5.8.0","_npmUser":{"name":"timmywil","email":"timmywillisn@gmail.com"},"dist":{"shasum":"45e07e4190334de36c9e1a64b43b1f1373d91758","tarball":"https://registry.npmjs.org/jquery/-/jquery-2.2.3.tgz"},"maintainers":[{"name":"dmethvin","email":"dave.methvin@gmail.com"},{"name":"scott.gonzalez","email":"scott.gonzalez@gmail.com"},{"name":"m_gol","email":"m.goleb@gmail.com"},{"name":"timmywil","email":"timmywillisn@gmail.com"}],"_npmOperationalInternal":{"host":"packages-12-west.internal.npmjs.com","tmp":"tmp/jquery-2.2.3.tgz_1459884434885_0.992488760035485"},"directories":{}},"1.12.4":{"name":"jquery","title":"jQuery","description":"JavaScript library for DOM operations","version":"1.12.4","main":"dist/jquery.js","homepage":"http://jquery.com","author":{"name":"jQuery Foundation and other contributors","url":"https://github.com/jquery/jquery/blob/1.12-stable/AUTHORS.txt"},"repository":{"type":"git","url":"git+https://github.com/jquery/jquery.git"},"keywords":["jquery","javascript","browser","library"],"bugs":{"url":"https://github.com/jquery/jquery/issues"},"license":"MIT","dependencies":{},"devDependencies":{"commitplease":"2.0.0","core-js":"0.9.17","grunt":"0.4.5","grunt-babel":"5.0.1","grunt-cli":"0.1.13","grunt-compare-size":"0.4.0","grunt-contrib-jshint":"0.11.2","grunt-contrib-uglify":"0.9.2","grunt-contrib-watch":"0.6.1","grunt-git-authors":"2.0.1","grunt-jscs":"2.1.0","grunt-jsonlint":"1.0.4","grunt-npmcopy":"0.1.0","gzip-js":"0.3.2","jsdom":"5.6.1","load-grunt-tasks":"1.0.0","npm":"2.1.12","qunitjs":"1.17.1","qunit-assert-step":"1.0.3","requirejs":"2.1.17","sinon":"1.12.2","sizzle":"2.2.1","strip-json-comments":"1.0.3","testswarm":"1.1.0","win-spawn":"2.0.0"},"scripts":{"build":"npm install && grunt","start":"grunt watch","test":"grunt && grunt test"},"commitplease":{"components":["Docs","Tests","Build","Release","Core","Ajax","Attributes","Callbacks","CSS","Data","Deferred","Deprecated","Dimensions","Effects","Event","Manipulation","Offset","Queue","Selector","Serialize","Traversing","Wrap"]},"gitHead":"5e89585e0121e72ff47de177c5ef604f3089a53d","_id":"jquery@1.12.4","_shasum":"01e1dfba290fe73deba77ceeacb0f9ba2fec9e0c","_from":".","_npmVersion":"2.15.1","_nodeVersion":"0.10.45","_npmUser":{"name":"timmywil","email":"timmywillisn@gmail.com"},"dist":{"shasum":"01e1dfba290fe73deba77ceeacb0f9ba2fec9e0c","tarball":"https://registry.npmjs.org/jquery/-/jquery-1.12.4.tgz"},"maintainers":[{"name":"dmethvin","email":"dave.methvin@gmail.com"},{"name":"scott.gonzalez","email":"scott.gonzalez@gmail.com"},{"name":"m_gol","email":"m.goleb@gmail.com"},{"name":"timmywil","email":"timmywillisn@gmail.com"}],"_npmOperationalInternal":{"host":"packages-12-west.internal.npmjs.com","tmp":"tmp/jquery-1.12.4.tgz_1463764744844_0.4810373710934073"},"directories":{}},"2.2.4":{"name":"jquery","title":"jQuery","description":"JavaScript library for DOM operations","version":"2.2.4","main":"dist/jquery.js","homepage":"http://jquery.com","author":{"name":"jQuery Foundation and other contributors","url":"https://github.com/jquery/jquery/blob/2.2.4/AUTHORS.txt"},"repository":{"type":"git","url":"git+https://github.com/jquery/jquery.git"},"keywords":["jquery","javascript","browser","library"],"bugs":{"url":"https://github.com/jquery/jquery/issues"},"license":"MIT","dependencies":{},"devDependencies":{"commitplease":"2.0.0","core-js":"0.9.17","grunt":"0.4.5","grunt-babel":"5.0.1","grunt-cli":"0.1.13","grunt-compare-size":"0.4.0","grunt-contrib-jshint":"0.11.2","grunt-contrib-uglify":"0.9.2","grunt-contrib-watch":"0.6.1","grunt-git-authors":"2.0.1","grunt-jscs":"2.1.0","grunt-jsonlint":"1.0.4","grunt-npmcopy":"0.1.0","gzip-js":"0.3.2","jsdom":"5.6.1","load-grunt-tasks":"1.0.0","qunitjs":"1.17.1","qunit-assert-step":"1.0.3","requirejs":"2.1.17","sinon":"1.10.3","sizzle":"2.2.1","strip-json-comments":"1.0.3","testswarm":"1.1.0","win-spawn":"2.0.0"},"scripts":{"build":"npm install && grunt","start":"grunt watch","test":"grunt && grunt test"},"commitplease":{"components":["Docs","Tests","Build","Release","Core","Ajax","Attributes","Callbacks","CSS","Data","Deferred","Deprecated","Dimensions","Effects","Event","Manipulation","Offset","Queue","Selector","Serialize","Traversing","Wrap"]},"gitHead":"c0185ab7c75aab88762c5aae780b9d83b80eda72","_id":"jquery@2.2.4","_shasum":"2c89d6889b5eac522a7eea32c14521559c6cbf02","_from":".","_npmVersion":"2.15.1","_nodeVersion":"0.10.45","_npmUser":{"name":"timmywil","email":"timmywillisn@gmail.com"},"dist":{"shasum":"2c89d6889b5eac522a7eea32c14521559c6cbf02","tarball":"https://registry.npmjs.org/jquery/-/jquery-2.2.4.tgz"},"maintainers":[{"name":"dmethvin","email":"dave.methvin@gmail.com"},{"name":"scott.gonzalez","email":"scott.gonzalez@gmail.com"},{"name":"m_gol","email":"m.goleb@gmail.com"},{"name":"timmywil","email":"timmywillisn@gmail.com"}],"_npmOperationalInternal":{"host":"packages-16-east.internal.npmjs.com","tmp":"tmp/jquery-2.2.4.tgz_1463765166836_0.5834389675874263"},"directories":{}},"3.0.0-rc1":{"name":"jquery","title":"jQuery","description":"JavaScript library for DOM operations","version":"3.0.0-rc1","main":"dist/jquery.js","homepage":"https://jquery.com","author":{"name":"jQuery Foundation and other contributors","url":"https://github.com/jquery/jquery/blob/3.0.0-rc1/AUTHORS.txt"},"repository":{"type":"git","url":"git+https://github.com/jquery/jquery.git"},"keywords":["jquery","javascript","browser","library"],"bugs":{"url":"https://github.com/jquery/jquery/issues"},"license":"MIT","dependencies":{},"devDependencies":{"babel-preset-es2015":"6.6.0","commitplease":"2.3.1","core-js":"2.2.2","cross-spawn":"2.2.3","grunt":"1.0.1","grunt-babel":"6.0.0","grunt-cli":"1.2.0","grunt-compare-size":"0.4.2","grunt-contrib-jshint":"1.0.0","grunt-contrib-uglify":"1.0.1","grunt-contrib-watch":"1.0.0","grunt-git-authors":"3.2.0","grunt-jscs":"2.8.0","grunt-jsonlint":"1.0.7","grunt-newer":"1.2.0","grunt-npmcopy":"0.1.0","gzip-js":"0.3.2","husky":"0.11.4","insight":"0.8.1","jsdom":"5.6.1","load-grunt-tasks":"3.5.0","native-promise-only":"0.8.1","promises-aplus-tests":"2.1.1","q":"1.4.1","qunit-assert-step":"1.0.3","qunitjs":"1.23.1","requirejs":"2.2.0","sinon":"1.17.3","sizzle":"2.3.0","strip-json-comments":"2.0.1","testswarm":"1.1.0"},"scripts":{"build":"npm install && grunt","start":"grunt watch","test":"grunt && grunt test","precommit":"grunt precommit_lint"},"commitplease":{"components":["Docs","Tests","Build","Support","Release","Core","Ajax","Attributes","Callbacks","CSS","Data","Deferred","Deprecated","Dimensions","Effects","Event","Manipulation","Offset","Queue","Selector","Serialize","Traversing","Wrap"]},"gitHead":"e503a93188dc4b5b42e2340f805f2d90b404bc50","_id":"jquery@3.0.0-rc1","_shasum":"d69fc540b0a56be13e8aecde5a8766ade7a44f8e","_from":".","_npmVersion":"2.15.1","_nodeVersion":"0.10.45","_npmUser":{"name":"timmywil","email":"timmywillisn@gmail.com"},"dist":{"shasum":"d69fc540b0a56be13e8aecde5a8766ade7a44f8e","tarball":"https://registry.npmjs.org/jquery/-/jquery-3.0.0-rc1.tgz"},"maintainers":[{"name":"dmethvin","email":"dave.methvin@gmail.com"},{"name":"scott.gonzalez","email":"scott.gonzalez@gmail.com"},{"name":"m_gol","email":"m.goleb@gmail.com"},{"name":"timmywil","email":"timmywillisn@gmail.com"}],"_npmOperationalInternal":{"host":"packages-16-east.internal.npmjs.com","tmp":"tmp/jquery-3.0.0-rc1.tgz_1463771627380_0.12211154378019273"},"directories":{}},"3.0.0":{"name":"jquery","title":"jQuery","description":"JavaScript library for DOM operations","version":"3.0.0","main":"dist/jquery.js","homepage":"https://jquery.com","author":{"name":"jQuery Foundation and other contributors","url":"https://github.com/jquery/jquery/blob/3.0.0/AUTHORS.txt"},"repository":{"type":"git","url":"git+https://github.com/jquery/jquery.git"},"keywords":["jquery","javascript","browser","library"],"bugs":{"url":"https://github.com/jquery/jquery/issues"},"license":"MIT","dependencies":{},"devDependencies":{"babel-preset-es2015":"6.6.0","commitplease":"2.3.1","core-js":"2.2.2","cross-spawn":"2.2.3","grunt":"1.0.1","grunt-babel":"6.0.0","grunt-cli":"1.2.0","grunt-compare-size":"0.4.2","grunt-contrib-jshint":"1.0.0","grunt-contrib-uglify":"1.0.1","grunt-contrib-watch":"1.0.0","grunt-git-authors":"3.2.0","grunt-jscs":"2.8.0","grunt-jsonlint":"1.0.7","grunt-newer":"1.2.0","grunt-npmcopy":"0.1.0","gzip-js":"0.3.2","husky":"0.11.4","insight":"0.8.1","jsdom":"5.6.1","load-grunt-tasks":"3.5.0","native-promise-only":"0.8.1","promises-aplus-tests":"2.1.1","q":"1.4.1","qunit-assert-step":"1.0.3","qunitjs":"1.23.1","requirejs":"2.2.0","sinon":"1.17.3","sizzle":"2.3.0","strip-json-comments":"2.0.1","testswarm":"1.1.0"},"scripts":{"build":"npm install && grunt","start":"grunt watch","test":"grunt && grunt test","precommit":"grunt precommit_lint"},"commitplease":{"components":["Docs","Tests","Build","Support","Release","Core","Ajax","Attributes","Callbacks","CSS","Data","Deferred","Deprecated","Dimensions","Effects","Event","Manipulation","Offset","Queue","Selector","Serialize","Traversing","Wrap"]},"gitHead":"0078f86be166a8747819d5d1516776a662cb69df","_id":"jquery@3.0.0","_shasum":"95a2a9541291a9f819e016f85ba247116d03e4ab","_from":".","_npmVersion":"2.15.1","_nodeVersion":"0.10.45","_npmUser":{"name":"timmywil","email":"timmywillisn@gmail.com"},"dist":{"shasum":"95a2a9541291a9f819e016f85ba247116d03e4ab","tarball":"https://registry.npmjs.org/jquery/-/jquery-3.0.0.tgz"},"maintainers":[{"name":"dmethvin","email":"dave.methvin@gmail.com"},{"name":"scott.gonzalez","email":"scott.gonzalez@gmail.com"},{"name":"m_gol","email":"m.goleb@gmail.com"},{"name":"timmywil","email":"timmywillisn@gmail.com"}],"_npmOperationalInternal":{"host":"packages-16-east.internal.npmjs.com","tmp":"tmp/jquery-3.0.0.tgz_1465497191024_0.9057256667874753"},"directories":{}},"3.1.0":{"name":"jquery","title":"jQuery","description":"JavaScript library for DOM operations","version":"3.1.0","main":"dist/jquery.js","homepage":"https://jquery.com","author":{"name":"jQuery Foundation and other contributors","url":"https://github.com/jquery/jquery/blob/3.1.0/AUTHORS.txt"},"repository":{"type":"git","url":"git+https://github.com/jquery/jquery.git"},"keywords":["jquery","javascript","browser","library"],"bugs":{"url":"https://github.com/jquery/jquery/issues"},"license":"MIT","dependencies":{},"devDependencies":{"babel-preset-es2015":"6.6.0","commitplease":"2.3.1","core-js":"2.2.2","cross-spawn":"2.2.3","eslint-config-jquery":"0.1.6","grunt":"1.0.1","grunt-babel":"6.0.0","grunt-cli":"1.2.0","grunt-compare-size":"0.4.2","grunt-contrib-uglify":"1.0.1","grunt-contrib-watch":"1.0.0","grunt-eslint":"18.1.0","grunt-git-authors":"3.2.0","grunt-jsonlint":"1.0.7","grunt-newer":"1.2.0","grunt-npmcopy":"0.1.0","gzip-js":"0.3.2","husky":"0.11.4","insight":"0.8.1","jsdom":"5.6.1","load-grunt-tasks":"3.5.0","native-promise-only":"0.8.1","promises-aplus-tests":"2.1.1","q":"1.4.1","qunit-assert-step":"1.0.3","qunitjs":"1.23.1","requirejs":"2.2.0","sinon":"1.17.3","sizzle":"2.3.0","strip-json-comments":"2.0.1","testswarm":"1.1.0"},"scripts":{"build":"npm install && grunt","start":"grunt watch","test":"grunt && grunt test","precommit":"grunt precommit_lint"},"commitplease":{"components":["Docs","Tests","Build","Support","Release","Core","Ajax","Attributes","Callbacks","CSS","Data","Deferred","Deprecated","Dimensions","Effects","Event","Manipulation","Offset","Queue","Selector","Serialize","Traversing","Wrap"]},"gitHead":"6f02bc382c0529d3b4f68f6b2ad21876642dbbfe","_id":"jquery@3.1.0","_shasum":"129f6f1ae94b18f09010b008d0d6011e40613d7f","_from":".","_npmVersion":"2.15.8","_nodeVersion":"4.4.7","_npmUser":{"name":"timmywil","email":"timmywillisn@gmail.com"},"dist":{"shasum":"129f6f1ae94b18f09010b008d0d6011e40613d7f","tarball":"https://registry.npmjs.org/jquery/-/jquery-3.1.0.tgz"},"maintainers":[{"name":"dmethvin","email":"dave.methvin@gmail.com"},{"name":"scott.gonzalez","email":"scott.gonzalez@gmail.com"},{"name":"m_gol","email":"m.goleb@gmail.com"},{"name":"timmywil","email":"timmywillisn@gmail.com"}],"_npmOperationalInternal":{"host":"packages-16-east.internal.npmjs.com","tmp":"tmp/jquery-3.1.0.tgz_1467927964329_0.882518710102886"},"directories":{}},"3.1.1":{"name":"jquery","title":"jQuery","description":"JavaScript library for DOM operations","version":"3.1.1","main":"dist/jquery.js","homepage":"https://jquery.com","author":{"name":"jQuery Foundation and other contributors","url":"https://github.com/jquery/jquery/blob/3.1.1/AUTHORS.txt"},"repository":{"type":"git","url":"git+https://github.com/jquery/jquery.git"},"keywords":["jquery","javascript","browser","library"],"bugs":{"url":"https://github.com/jquery/jquery/issues"},"license":"MIT","dependencies":{},"devDependencies":{"babel-preset-es2015":"6.6.0","commitplease":"2.6.1","core-js":"2.2.2","cross-spawn":"2.2.3","eslint-config-jquery":"1.0.0","grunt":"1.0.1","grunt-babel":"6.0.0","grunt-cli":"1.2.0","grunt-compare-size":"0.4.2","grunt-contrib-uglify":"1.0.1","grunt-contrib-watch":"1.0.0","grunt-eslint":"19.0.0","grunt-git-authors":"3.2.0","grunt-jsonlint":"1.0.7","grunt-newer":"1.2.0","grunt-npmcopy":"0.1.0","gzip-js":"0.3.2","husky":"0.11.4","insight":"0.8.1","jsdom":"5.6.1","load-grunt-tasks":"3.5.0","native-promise-only":"0.8.1","promises-aplus-tests":"2.1.2","q":"1.4.1","qunit-assert-step":"1.0.3","qunitjs":"1.23.1","requirejs":"2.2.0","sinon":"1.17.3","sizzle":"2.3.3","strip-json-comments":"2.0.1","testswarm":"1.1.0"},"scripts":{"build":"npm install && grunt","start":"grunt watch","test":"grunt && grunt test:slow","precommit":"grunt lint:newer","commitmsg":"node node_modules/commitplease"},"commitplease":{"nohook":true,"components":["Docs","Tests","Build","Support","Release","Core","Ajax","Attributes","Callbacks","CSS","Data","Deferred","Deprecated","Dimensions","Effects","Event","Manipulation","Offset","Queue","Selector","Serialize","Traversing","Wrap"],"markerPattern":"^((clos|fix|resolv)(e[sd]|ing))|(refs?)","ticketPattern":"^((Closes|Fixes) ([a-zA-Z]{2,}-)[0-9]+)|(Refs? [^#])"},"gitHead":"1b30f3ad466ebf2714d47eda34dbd7fdf6849fe3","_id":"jquery@3.1.1","_shasum":"347c1c21c7e004115e0a4da32cece041fad3c8a3","_from":".","_npmVersion":"3.10.3","_nodeVersion":"6.6.0","_npmUser":{"name":"timmywil","email":"4timmywil@gmail.com"},"dist":{"shasum":"347c1c21c7e004115e0a4da32cece041fad3c8a3","tarball":"https://registry.npmjs.org/jquery/-/jquery-3.1.1.tgz"},"maintainers":[{"name":"dmethvin","email":"dave.methvin@gmail.com"},{"name":"scott.gonzalez","email":"scott.gonzalez@gmail.com"},{"name":"m_gol","email":"m.goleb@gmail.com"},{"name":"timmywil","email":"timmywillisn@gmail.com"}],"_npmOperationalInternal":{"host":"packages-12-west.internal.npmjs.com","tmp":"tmp/jquery-3.1.1.tgz_1474583566957_0.15473420196212828"},"directories":{}},"3.2.0":{"name":"jquery","title":"jQuery","description":"JavaScript library for DOM operations","version":"3.2.0","main":"dist/jquery.js","homepage":"https://jquery.com","author":{"name":"JS Foundation and other contributors","url":"https://github.com/jquery/jquery/blob/3.2.0/AUTHORS.txt"},"repository":{"type":"git","url":"git+https://github.com/jquery/jquery.git"},"keywords":["jquery","javascript","browser","library"],"bugs":{"url":"https://github.com/jquery/jquery/issues"},"license":"MIT","dependencies":{},"devDependencies":{"babel-preset-es2015":"6.6.0","commitplease":"2.6.1","core-js":"2.2.2","cross-spawn":"2.2.3","eslint-config-jquery":"1.0.0","grunt":"1.0.1","grunt-babel":"6.0.0","grunt-cli":"1.2.0","grunt-compare-size":"0.4.2","grunt-contrib-uglify":"1.0.1","grunt-contrib-watch":"1.0.0","grunt-eslint":"19.0.0","grunt-git-authors":"3.2.0","grunt-jsonlint":"1.0.7","grunt-newer":"1.2.0","grunt-npmcopy":"0.1.0","gzip-js":"0.3.2","husky":"0.11.4","insight":"0.8.1","jsdom":"5.6.1","load-grunt-tasks":"3.5.0","native-promise-only":"0.8.1","promises-aplus-tests":"2.1.2","q":"1.4.1","qunit-assert-step":"1.0.3","qunitjs":"1.23.1","requirejs":"2.2.0","sinon":"1.17.3","sizzle":"2.3.3","strip-json-comments":"2.0.1","testswarm":"1.1.0"},"scripts":{"build":"npm install && grunt","start":"grunt watch","test":"grunt && grunt test:slow","precommit":"grunt lint:newer","commitmsg":"node node_modules/commitplease"},"commitplease":{"nohook":true,"components":["Docs","Tests","Build","Support","Release","Core","Ajax","Attributes","Callbacks","CSS","Data","Deferred","Deprecated","Dimensions","Effects","Event","Manipulation","Offset","Queue","Selector","Serialize","Traversing","Wrap"],"markerPattern":"^((clos|fix|resolv)(e[sd]|ing))|^(refs?)","ticketPattern":"^((Closes|Fixes) ([a-zA-Z]{2,}-)[0-9]+)|^(Refs? [^#])"},"gitHead":"a81259fff4ea0c7b4cd98f04050c829640395a31","_id":"jquery@3.2.0","_shasum":"3bdbba66e1eee0785532dddadb0e0d2521ca584b","_from":".","_npmVersion":"4.1.2","_nodeVersion":"7.7.3","_npmUser":{"name":"timmywil","email":"4timmywil@gmail.com"},"dist":{"shasum":"3bdbba66e1eee0785532dddadb0e0d2521ca584b","tarball":"https://registry.npmjs.org/jquery/-/jquery-3.2.0.tgz"},"maintainers":[{"name":"dmethvin","email":"dave.methvin@gmail.com"},{"name":"mgol","email":"m.goleb@gmail.com"},{"name":"scott.gonzalez","email":"scott.gonzalez@gmail.com"},{"name":"timmywil","email":"4timmywil@gmail.com"}],"_npmOperationalInternal":{"host":"packages-18-east.internal.npmjs.com","tmp":"tmp/jquery-3.2.0.tgz_1489699855733_0.5328386940527707"},"directories":{}},"3.2.1":{"name":"jquery","title":"jQuery","description":"JavaScript library for DOM operations","version":"3.2.1","main":"dist/jquery.js","homepage":"https://jquery.com","author":{"name":"JS Foundation and other contributors","url":"https://github.com/jquery/jquery/blob/3.2.1/AUTHORS.txt"},"repository":{"type":"git","url":"git+https://github.com/jquery/jquery.git"},"keywords":["jquery","javascript","browser","library"],"bugs":{"url":"https://github.com/jquery/jquery/issues"},"license":"MIT","dependencies":{},"devDependencies":{"babel-preset-es2015":"6.6.0","commitplease":"2.6.1","core-js":"2.2.2","cross-spawn":"2.2.3","eslint-config-jquery":"1.0.0","grunt":"1.0.1","grunt-babel":"6.0.0","grunt-cli":"1.2.0","grunt-compare-size":"0.4.2","grunt-contrib-uglify":"1.0.1","grunt-contrib-watch":"1.0.0","grunt-eslint":"19.0.0","grunt-git-authors":"3.2.0","grunt-jsonlint":"1.0.7","grunt-newer":"1.2.0","grunt-npmcopy":"0.1.0","gzip-js":"0.3.2","husky":"0.11.4","insight":"0.8.1","jsdom":"5.6.1","load-grunt-tasks":"3.5.0","native-promise-only":"0.8.1","promises-aplus-tests":"2.1.2","q":"1.4.1","qunit-assert-step":"1.0.3","qunitjs":"1.23.1","requirejs":"2.2.0","sinon":"1.17.3","sizzle":"2.3.3","strip-json-comments":"2.0.1","testswarm":"1.1.0"},"scripts":{"build":"npm install && grunt","start":"grunt watch","test":"grunt && grunt test:slow","precommit":"grunt lint:newer","commitmsg":"node node_modules/commitplease"},"commitplease":{"nohook":true,"components":["Docs","Tests","Build","Support","Release","Core","Ajax","Attributes","Callbacks","CSS","Data","Deferred","Deprecated","Dimensions","Effects","Event","Manipulation","Offset","Queue","Selector","Serialize","Traversing","Wrap"],"markerPattern":"^((clos|fix|resolv)(e[sd]|ing))|^(refs?)","ticketPattern":"^((Closes|Fixes) ([a-zA-Z]{2,}-)[0-9]+)|^(Refs? [^#])"},"gitHead":"77d2a51d0520d2ee44173afdf4e40a9201f5964e","_id":"jquery@3.2.1","_shasum":"5c4d9de652af6cd0a770154a631bba12b015c787","_from":".","_npmVersion":"4.4.4","_nodeVersion":"7.7.3","_npmUser":{"name":"timmywil","email":"4timmywil@gmail.com"},"dist":{"shasum":"5c4d9de652af6cd0a770154a631bba12b015c787","tarball":"https://registry.npmjs.org/jquery/-/jquery-3.2.1.tgz"},"maintainers":[{"name":"dmethvin","email":"dave.methvin@gmail.com"},{"name":"mgol","email":"m.goleb@gmail.com"},{"name":"scott.gonzalez","email":"scott.gonzalez@gmail.com"},{"name":"timmywil","email":"4timmywil@gmail.com"}],"_npmOperationalInternal":{"host":"packages-12-west.internal.npmjs.com","tmp":"tmp/jquery-3.2.1.tgz_1490036530067_0.19497186387889087"},"directories":{}},"3.3.0":{"name":"jquery","title":"jQuery","description":"JavaScript library for DOM operations","version":"3.3.0","main":"dist/jquery.js","homepage":"https://jquery.com","author":{"name":"JS Foundation and other contributors","url":"https://github.com/jquery/jquery/blob/3.3.0/AUTHORS.txt"},"repository":{"type":"git","url":"git+https://github.com/jquery/jquery.git"},"keywords":["jquery","javascript","browser","library"],"bugs":{"url":"https://github.com/jquery/jquery/issues"},"license":"MIT","dependencies":{"archiver":"1.3.0","chalk":"1.1.3","npm":"4.4.1","shelljs":"0.7.7"},"devDependencies":{"babel-core":"7.0.0-beta.0","babel-plugin-transform-es2015-for-of":"7.0.0-beta.0","commitplease":"2.7.10","core-js":"2.4.1","eslint-config-jquery":"1.0.1","grunt":"1.0.1","grunt-babel":"7.0.0","grunt-cli":"1.2.0","grunt-compare-size":"0.4.2","grunt-contrib-uglify":"3.0.1","grunt-contrib-watch":"1.0.0","grunt-eslint":"20.0.0","grunt-git-authors":"3.2.0","grunt-jsonlint":"1.1.0","grunt-karma":"2.0.0","grunt-newer":"1.3.0","grunt-npmcopy":"0.1.0","gzip-js":"0.3.2","husky":"0.14.3","insight":"0.8.4","jsdom":"5.6.1","karma":"1.7.0","karma-browserstack-launcher":"1.3.0","karma-chrome-launcher":"2.2.0","karma-firefox-launcher":"1.0.1","karma-qunit":"1.2.1","load-grunt-tasks":"3.5.2","native-promise-only":"0.8.1","promises-aplus-tests":"2.1.2","q":"1.5.0","qunit-assert-step":"1.0.3","qunitjs":"1.23.1","raw-body":"2.2.0","requirejs":"2.3.3","sinon":"2.3.7","sizzle":"2.3.3","strip-json-comments":"2.0.1","testswarm":"1.1.0","uglify-js":"3.3.4"},"scripts":{"build":"npm install && grunt","start":"grunt watch","test:browserless":"grunt && grunt test:slow","test:browser":"grunt && grunt karma:main","test":"grunt && grunt test:slow && grunt karma:main","jenkins":"npm run test:browserless","precommit":"grunt lint:newer qunit_fixture","commitmsg":"node node_modules/commitplease"},"commitplease":{"nohook":true,"components":["Docs","Tests","Build","Support","Release","Core","Ajax","Attributes","Callbacks","CSS","Data","Deferred","Deprecated","Dimensions","Effects","Event","Manipulation","Offset","Queue","Selector","Serialize","Traversing","Wrap"],"markerPattern":"^((clos|fix|resolv)(e[sd]|ing))|^(refs?)","ticketPattern":"^((Closes|Fixes) ([a-zA-Z]{2,}-)[0-9]+)|^(Refs? [^#])"},"gitHead":"9a8a1c63930edc9fb6fab9e75b3eee578762b8a5","_id":"jquery@3.3.0","_npmVersion":"5.6.0","_nodeVersion":"9.3.0","_npmUser":{"name":"timmywil","email":"4timmywil@gmail.com"},"dist":{"integrity":"sha512-1SmQFTqu24RtvnvLN/D1RFIsOBGqLQYsGJgZxejd69Rw9ACBJvSgppA+A+wBcXgASwRSoX1aDN1I5ZNIrFC6Xw==","shasum":"06004bc2d0204ce92822a794ee8efb50283bb9ff","tarball":"https://registry.npmjs.org/jquery/-/jquery-3.3.0.tgz"},"maintainers":[{"name":"dmethvin","email":"dave.methvin@gmail.com"},{"name":"mgol","email":"m.goleb@gmail.com"},{"name":"scott.gonzalez","email":"scott.gonzalez@gmail.com"},{"name":"timmywil","email":"4timmywil@gmail.com"}],"_npmOperationalInternal":{"host":"s3://npm-registry-packages","tmp":"tmp/jquery-3.3.0.tgz_1516388631205_0.827812286792323"},"directories":{}},"3.3.1":{"name":"jquery","title":"jQuery","description":"JavaScript library for DOM operations","version":"3.3.1","main":"dist/jquery.js","homepage":"https://jquery.com","author":{"name":"JS Foundation and other contributors","url":"https://github.com/jquery/jquery/blob/3.3.1/AUTHORS.txt"},"repository":{"type":"git","url":"git+https://github.com/jquery/jquery.git"},"keywords":["jquery","javascript","browser","library"],"bugs":{"url":"https://github.com/jquery/jquery/issues"},"license":"MIT","dependencies":{},"devDependencies":{"babel-core":"7.0.0-beta.0","babel-plugin-transform-es2015-for-of":"7.0.0-beta.0","commitplease":"2.7.10","core-js":"2.4.1","eslint-config-jquery":"1.0.1","grunt":"1.0.1","grunt-babel":"7.0.0","grunt-cli":"1.2.0","grunt-compare-size":"0.4.2","grunt-contrib-uglify":"3.0.1","grunt-contrib-watch":"1.0.0","grunt-eslint":"20.0.0","grunt-git-authors":"3.2.0","grunt-jsonlint":"1.1.0","grunt-karma":"2.0.0","grunt-newer":"1.3.0","grunt-npmcopy":"0.1.0","gzip-js":"0.3.2","husky":"0.14.3","insight":"0.8.4","jsdom":"5.6.1","karma":"1.7.0","karma-browserstack-launcher":"1.3.0","karma-chrome-launcher":"2.2.0","karma-firefox-launcher":"1.0.1","karma-qunit":"1.2.1","load-grunt-tasks":"3.5.2","native-promise-only":"0.8.1","promises-aplus-tests":"2.1.2","q":"1.5.0","qunit-assert-step":"1.0.3","qunitjs":"1.23.1","raw-body":"2.2.0","requirejs":"2.3.3","sinon":"2.3.7","sizzle":"2.3.3","strip-json-comments":"2.0.1","testswarm":"1.1.0","uglify-js":"3.3.4"},"scripts":{"build":"npm install && grunt","start":"grunt watch","test:browserless":"grunt && grunt test:slow","test:browser":"grunt && grunt karma:main","test":"grunt && grunt test:slow && grunt karma:main","jenkins":"npm run test:browserless","precommit":"grunt lint:newer qunit_fixture","commitmsg":"node node_modules/commitplease"},"commitplease":{"nohook":true,"components":["Docs","Tests","Build","Support","Release","Core","Ajax","Attributes","Callbacks","CSS","Data","Deferred","Deprecated","Dimensions","Effects","Event","Manipulation","Offset","Queue","Selector","Serialize","Traversing","Wrap"],"markerPattern":"^((clos|fix|resolv)(e[sd]|ing))|^(refs?)","ticketPattern":"^((Closes|Fixes) ([a-zA-Z]{2,}-)[0-9]+)|^(Refs? [^#])"},"gitHead":"9e8ec3d10fad04748176144f108d7355662ae75e","_id":"jquery@3.3.1","_npmVersion":"5.6.0","_nodeVersion":"9.3.0","_npmUser":{"name":"timmywil","email":"4timmywil@gmail.com"},"dist":{"integrity":"sha512-Ubldcmxp5np52/ENotGxlLe6aGMvmF4R8S6tZjsP6Knsaxd/xp3Zrh50cG93lR6nPXyUFwzN3ZSOQI0wRJNdGg==","shasum":"958ce29e81c9790f31be7792df5d4d95fc57fbca","tarball":"https://registry.npmjs.org/jquery/-/jquery-3.3.1.tgz"},"maintainers":[{"name":"dmethvin","email":"dave.methvin@gmail.com"},{"name":"mgol","email":"m.goleb@gmail.com"},{"name":"scott.gonzalez","email":"scott.gonzalez@gmail.com"},{"name":"timmywil","email":"4timmywil@gmail.com"}],"_npmOperationalInternal":{"host":"s3://npm-registry-packages","tmp":"tmp/jquery-3.3.1.tgz_1516469230473_0.5458589680492878"},"directories":{}}},"maintainers":[{"name":"dmethvin","email":"dave.methvin@gmail.com"},{"name":"mgol","email":"m.goleb@gmail.com"},{"name":"scott.gonzalez","email":"scott.gonzalez@gmail.com"},{"name":"timmywil","email":"4timmywil@gmail.com"}],"time":{"modified":"2018-05-21T21:39:54.702Z","created":"2011-03-19T07:19:56.392Z","1.5.1":"2011-03-19T07:19:56.956Z","1.6.2":"2011-07-06T16:13:21.519Z","1.6.3":"2011-09-12T19:05:34.373Z","1.7.2":"2012-05-01T11:14:09.090Z","1.7.3":"2012-07-01T16:11:53.194Z","1.8.2":"2012-11-11T22:43:58.910Z","1.8.3":"2012-12-01T00:03:02.297Z","2.1.0-beta2":"2013-11-15T16:34:48.859Z","2.1.0-beta3":"2013-12-20T22:53:28.426Z","1.11.0-beta3":"2014-01-06T19:57:22.387Z","2.1.0-rc1":"2014-01-17T22:47:16.391Z","1.11.0-pre":"2014-01-16T20:38:42.912Z","1.11.0-rc1":"2014-01-16T21:08:36.924Z","1.11.0":"2014-01-23T21:07:07.184Z","2.1.0":"2014-01-23T21:12:47.772Z","2.1.1-beta1":"2014-03-24T17:05:07.581Z","1.11.1-beta1":"2014-03-24T17:25:14.236Z","2.1.1-rc1":"2014-04-18T15:29:41.423Z","1.11.1-rc1":"2014-04-18T15:40:23.931Z","2.1.1-rc2":"2014-04-21T20:52:06.866Z","1.11.1-rc2":"2014-04-21T21:12:52.817Z","2.1.1":"2014-05-01T17:15:20.164Z","1.11.1":"2014-05-01T18:05:32.863Z","1.9.1":"2014-07-17T22:01:17.886Z","2.1.2":"2014-12-17T14:14:28.184Z","1.11.2":"2014-12-17T16:07:07.647Z","2.1.3":"2014-12-18T15:18:38.205Z","2.1.4":"2015-04-28T16:17:13.648Z","1.11.3":"2015-04-28T16:22:06.378Z","3.0.0-alpha1":"2015-07-13T19:26:37.913Z","1.12.0":"2016-01-08T19:58:05.265Z","2.2.0":"2016-01-08T20:03:43.280Z","3.0.0-beta1":"2016-01-14T23:09:43.368Z","1.12.1":"2016-02-22T19:08:05.212Z","2.2.1":"2016-02-22T19:12:09.116Z","1.12.2":"2016-03-17T17:45:59.810Z","2.2.2":"2016-03-17T17:52:26.967Z","1.12.3":"2016-04-05T19:21:37.716Z","2.2.3":"2016-04-05T19:27:17.929Z","1.12.4":"2016-05-20T17:19:07.375Z","2.2.4":"2016-05-20T17:26:07.921Z","3.0.0-rc1":"2016-05-20T19:13:48.387Z","3.0.0":"2016-06-09T18:33:13.420Z","3.1.0":"2016-07-07T21:46:05.554Z","3.1.1":"2016-09-22T22:32:49.360Z","3.2.0":"2017-03-16T21:30:56.342Z","3.2.1":"2017-03-20T19:02:13.508Z","3.3.0":"2018-01-19T19:03:52.616Z","3.3.1":"2018-01-20T17:27:11.928Z"},"author":{"name":"JS Foundation and other contributors","url":"https://github.com/jquery/jquery/blob/3.3.1/AUTHORS.txt"},"users":{"dodo":true,"fgribreau":true,"parroit":true,"cedx":true,"bendiken":true,"funroll":true,"inancgumus":true,"jkcpr":true,"magemagic":true,"davidbaiguini":true,"shen-weizhong":true,"oroce":true,"beth_rogers465":true,"leobalter":true,"frk1705":true,"victorcastelan":true,"skinnybrit51":true,"tommyjs7":true,"xanderiel":true,"arturmuller":true,"lukecarrier":true,"bjlxj_2008":true,"kmck":true,"jesus81":true,"rpgreen":true,"vsn4ik":true,"gabrielsanterre":true,"adswebwork":true,"abuelwafa":true,"karlitowhoelse":true,"mhat":true,"tektimmy":true,"modest":true,"rgraves90":true,"alexandermac":true,"adamk":true,"nitayneeman":true,"haeck":true,"pnevares":true,"hal9zillion":true,"j3kz":true,"wambulance":true,"jostw":true,"sahilsk":true,"broxmgs":true,"jimster305":true,"csbun":true,"isis97":true,"simplyianm":true,"fatelei":true,"trotyl":true,"chengsu":true,"orlenka":true,"mr_eaze":true,"jmm23":true,"ackuser":true,"tfentonz":true,"ftornik":true,"onheiron":true,"jgreeley":true,"sedmonds":true,"cycomachead":true,"duchenerc":true,"damianof":true,"rhythm19":true,"piotrd":true,"buzuli":true,"cypark":true,"wkaifang":true,"jeffb_incontact":true,"zenrumi":true,"seaseng":true,"vishwasc":true,"matthewbauer":true,"paroczi":true,"joshbruce":true,"joaocunha":true,"sky3r":true,"knoja4":true,"hughker":true,"xgqfrms":true,"meligatt":true,"hasanabb":true,"nickeltobias":true,"kimhoe":true,"ovgu12":true,"ibourgeois":true,"pherum":true,"gluten":true,"frankxin":true,"hentai_mew":true,"shakakira":true,"pandao":true,"rwhogg":true,"josejaguirre":true,"dreamseer":true,"wlmts":true,"merlyn333":true,"ezakaze":true,"fdeneux":true,"ameer157":true,"jackvial":true,"ikeyan":true,"wildmind-ch":true,"ovrmrw":true,"dragonfire1119":true,"arttse":true,"oka-hide":true,"cfleschhut":true,"tobiasnickel":true,"gilvannfilho":true,"davidjsalazarmoreno":true,"zhangqingfeng1984":true,"nhkchan":true,"timdp":true,"brettv":true,"fadi":true,"thejohnsmith":true,"highlanderkev":true,"modao":true,"matiasmarani":true,"filipve":true,"ristostevcev":true,"joannerpena":true,"kuravih":true,"fps20only":true,"kazuyahama":true,"hypo9eal":true,"xufz":true,"thisiskun":true,"daniellink":true,"coalesce":true,"yatsu":true,"dhampik":true,"itskdk":true,"andreasneumeier":true,"mseminatore":true,"oliverj":true,"aldofunes":true,"tcrowe":true,"freebird":true,"dainov":true,"igsys":true,"princetoad":true,"demod":true,"junya":true,"ianpaschal":true,"andrew.oxenburgh":true,"veritasx":true,"adrianorosa":true,"chenshao":true,"jlertle":true,"heisem":true,"asm2hex":true,"cubit":true,"manxisuo":true,"aquafadas":true,"anker":true,"wtower":true,"bcipriano":true,"shelling":true,"matiasm15":true,"thomas.miele":true,"fbnlsr":true,"kongol.ml":true,"st3ko":true,"olian04":true,"wkx101":true,"xhxxhx":true,"daavve":true,"giuseppe.morelli":true,"marcobiedermann":true,"goatandsheep":true,"redstrike":true,"mareksagan":true,"szilard-nemeth":true,"ezeikel":true,"i-erokhin":true,"weerd":true,"fchienvuhoang":true,"brentely":true,"landy2014":true,"felladrin":true,"bogdanvlviv":true,"shahyar":true,"rocket0191":true,"natforyou":true,"bebaps":true,"morogasper":true,"yanrivera":true,"budiantoip":true,"mhaidarh":true,"tmurngon":true,"leodel":true,"pfuri":true,"axelrindle":true,"pkhotpanya":true,"thesoftwarepeople":true,"sharrondenice":true,"mswanson1524":true,"lendix":true,"tdmalone":true,"ageofsys":true,"baraunaluciano":true,"luiscauro":true,"shogun88888888":true,"mahmoodramzani":true,"onursumer":true,"ahvonenj":true,"mgol":true,"mojaray2k":true,"honingwon":true,"juangotama":true,"dzhou777":true,"jetbug123":true,"langri-sha":true,"mikemimik":true,"hanwf":true,"adamdreszer":true,"rylan_yan":true,"wearevilla":true,"memija":true,"seangenabe":true,"ddmitov":true,"alvin2ye":true,"whiskeyjack":true,"potentii":true,"jcdsr3":true,"janspicka":true,"themadjoker":true,"yuch4n":true,"dondyabla":true,"nysingh":true,"kevinagin":true,"cvc":true,"tripu":true,"marxjb":true,"cripstian":true,"adnanexy":true,"bcawrse":true,"chinawolf_wyp":true,"wesleylhandy":true,"j717273419":true,"fxkraus":true,"junos":true,"abpeinado":true,"vinnyfonseca":true,"wm123450405":true,"beatwinthewave":true,"miadzadfallah":true,"juje":true,"odahcam":true,"faraoman":true,"ayad0net":true,"komarovsergey":true,"agoral":true,"uselesscarrot":true,"linger":true,"cloudychris":true,"jakedalus":true,"pablopap":true,"willbeeler":true,"sibawite":true,"temelm":true,"dexterneo":true,"rahsaanbasek":true,"alexpearly":true,"pddivine":true,"santhoshbabu":true,"chiaychang":true,"konfuzius":true,"alaeddine17":true,"linkchef":true,"alanho":true,"yesseecity":true,"kingfeast":true,"pocketfulofash":true,"rmzxcm":true,"wenhsiaoyi":true,"manojkhannakm":true,"maycon_ribeiro":true,"luiko":true,"asj1992":true,"jamal-safwat":true,"adriasb":true,"xmwx38":true,"fabiomendonca":true,"ericteng177":true,"bak258":true,"chiroc":true,"noxracing":true,"rogeriera":true,"emircanok":true,"paulkolesnyk":true,"xfloops":true,"bengi":true,"tiggem1993":true,"modood":true,"iampyramidone":true,"sedalski":true,"dericdavis":true,"mort3za":true,"adeelquadri":true,"krabello":true,"jream":true,"sgpr":true,"nazy":true,"yangzw":true,"vivekwisdom":true,"liamebirge":true,"maddas":true,"dmonti":true,"claytonnnnnn":true,"pajamasam":true,"rudchyk":true,"cueedee":true,"bumsuk":true,"johnny_kim":true,"vince-ann":true,"zhuheyang":true,"blue0":true,"ehabovich":true,"bsurnida":true,"marcovossen":true,"birkey":true,"losssoul":true,"xulayen":true,"gurpreetbirdi":true,"sirkinder":true,"ivan.marquez":true,"laoshaw":true,"helcat":true,"yisen":true,"mmunchandersen":true,"ousmane":true,"midascreed":true,"merbst":true,"wwag110465":true,"damkat":true,"maxwhite":true,"kasumi":true,"shuoshubao":true,"softskills":true,"johnshao":true,"wjervis":true,"hubojun":true,"ostgals":true,"akshymalvia":true,"dnarvaez":true,"pantyuhind":true,"edmondnow":true,"huiyifyj":true,"orellanajonathan":true,"takonyc":true,"71emj1":true,"d3ck":true,"davidnyhuis":true,"oussoulessou":true,"tooyond":true,"justsso":true,"ggviana":true},"repository":{"type":"git","url":"git+https://github.com/jquery/jquery.git"},"readme":"# jQuery\n\n> jQuery is a fast, small, and feature-rich JavaScript library.\n\nFor information on how to get started and how to use jQuery, please see [jQuery's documentation](http://api.jquery.com/).\nFor source files and issues, please visit the [jQuery repo](https://github.com/jquery/jquery).\n\nIf upgrading, please see the [blog post for 3.3.1](https://blog.jquery.com/2017/03/20/jquery-3.3.1-now-available/). This includes notable differences from the previous version and a more readable changelog.\n\n## Including jQuery\n\nBelow are some of the most common ways to include jQuery.\n\n### Browser\n\n#### Script tag\n\n```html\n<script src=\"https://code.jquery.com/jquery-3.3.1.min.js\"></script>\n```\n\n#### Babel\n\n[Babel](http://babeljs.io/) is a next generation JavaScript compiler. One of the features is the ability to use ES6/ES2015 modules now, even though browsers do not yet support this feature natively.\n\n```js\nimport $ from \"jquery\";\n```\n\n#### Browserify/Webpack\n\nThere are several ways to use [Browserify](http://browserify.org/) and [Webpack](https://webpack.github.io/). For more information on using these tools, please refer to the corresponding project's documention. In the script, including jQuery will usually look like this...\n\n```js\nvar $ = require(\"jquery\");\n```\n\n#### AMD (Asynchronous Module Definition)\n\nAMD is a module format built for the browser. For more information, we recommend [require.js' documentation](http://requirejs.org/docs/whyamd.html).\n\n```js\ndefine([\"jquery\"], function($) {\n\n});\n```\n\n### Node\n\nTo include jQuery in [Node](nodejs.org), first install with npm.\n\n```sh\nnpm install jquery\n```\n\nFor jQuery to work in Node, a window with a document is required. Since no such window exists natively in Node, one can be mocked by tools such as [jsdom](https://github.com/tmpvar/jsdom). This can be useful for testing purposes.\n\n```js\nrequire(\"jsdom\").env(\"\", function(err, window) {\n\tif (err) {\n\t\tconsole.error(err);\n\t\treturn;\n\t}\n\n\tvar $ = require(\"jquery\")(window);\n});\n```\n","readmeFilename":"README.md","homepage":"https://jquery.com","keywords":["jquery","javascript","browser","library"],"bugs":{"url":"https://github.com/jquery/jquery/issues"},"license":"MIT","_attachments":{},"_etag":"W/\"252f0a131cedd3ea82dfefd6fa049558\"","_lastModified":"Sat, 26 May 2018 13:22:58 GMT"}