{"_id":"rimraf","_rev":"443-2e267429d6b89bb57445992c341f4e3c","name":"rimraf","description":"A deep deletion module for node (like `rm -rf`)","dist-tags":{"latest":"2.6.2"},"versions":{"1.0.0":{"name":"rimraf","version":"1.0.0","main":"./rimraf","description":"A deep deletion module for node (like `rm -rf`)","author":{"name":"Isaac Z. Schlueter","email":"i@izs.me","url":"http://blog.izs.me/"},"repository":"git://github.com/isaacs/rimraf.git","scripts":{"test":"cd ./test && bash run.sh"},"_id":"rimraf@1.0.0","engines":{"node":"*"},"_engineSupported":true,"_npmVersion":"0.3.0","_nodeVersion":"v0.4.0-pre","directories":{},"files":[""],"_defaultsLoaded":true,"dist":{"shasum":"5797e55b587c77fc3e5b61051e429d1b00310840","tarball":"https://registry.npmjs.org/rimraf/-/rimraf-1.0.0.tgz"}},"1.0.1":{"name":"rimraf","version":"1.0.1","main":"rimraf.js","description":"A deep deletion module for node (like `rm -rf`)","author":{"name":"Isaac Z. Schlueter","email":"i@izs.me","url":"http://blog.izs.me/"},"contributors":[{"name":"Wayne Larsen","url":"http://github.com/wvl"}],"repository":{"type":"git","url":"git://github.com/isaacs/rimraf.git"},"scripts":{"test":"cd test && bash run.sh"},"dependencies":{},"devDependencies":{},"_id":"rimraf@1.0.1","engines":{"node":"*"},"_engineSupported":true,"_npmVersion":"1.0.1rc7","_nodeVersion":"v0.5.0-pre","_defaultsLoaded":true,"dist":{"shasum":"8ff61e034ccd6f5e687b3d4f4da9247c4da7dd46","tarball":"https://registry.npmjs.org/rimraf/-/rimraf-1.0.1.tgz"},"directories":{}},"1.0.2":{"name":"rimraf","version":"1.0.2","main":"rimraf.js","description":"A deep deletion module for node (like `rm -rf`)","author":{"name":"Isaac Z. Schlueter","email":"i@izs.me","url":"http://blog.izs.me/"},"license":{"type":"MIT","url":"https://github.com/isaacs/rimraf/raw/master/LICENSE"},"repository":{"type":"git","url":"git://github.com/isaacs/rimraf.git"},"scripts":{"test":"cd test && bash run.sh"},"_id":"rimraf@1.0.2","contributors":[{"name":"Isaac Z. Schlueter","email":"i@izs.me","url":"http://blog.izs.me"},{"name":"Wayne Larsen","email":"wayne@larsen.st","url":"http://github.com/wvl"},{"name":"ritch","email":"skawful@gmail.com"}],"dependencies":{},"devDependencies":{},"engines":{"node":"*"},"_engineSupported":true,"_npmVersion":"1.0.6","_nodeVersion":"v0.4.8-pre","_defaultsLoaded":true,"dist":{"shasum":"4cc292a756559123ee9e4995cffb783e769b50a3","tarball":"https://registry.npmjs.org/rimraf/-/rimraf-1.0.2.tgz"},"directories":{}},"1.0.4":{"name":"rimraf","version":"1.0.4","main":"rimraf.js","description":"A deep deletion module for node (like `rm -rf`)","author":{"name":"Isaac Z. Schlueter","email":"i@izs.me","url":"http://blog.izs.me/"},"license":{"type":"MIT","url":"https://github.com/isaacs/rimraf/raw/master/LICENSE"},"repository":{"type":"git","url":"git://github.com/isaacs/rimraf.git"},"scripts":{"test":"cd test && bash run.sh"},"_npmJsonOpts":{"file":"/Users/isaacs/.npm/rimraf/1.0.4/package/package.json","wscript":false,"serverjs":false,"contributors":["Isaac Z. Schlueter <i@izs.me> (http://blog.izs.me)","Wayne Larsen <wayne@larsen.st> (http://github.com/wvl)","ritch <skawful@gmail.com>"]},"_id":"rimraf@1.0.4","contributors":[{"name":"Isaac Z. Schlueter","email":"i@izs.me","url":"http://blog.izs.me"},{"name":"Wayne Larsen","email":"wayne@larsen.st","url":"http://github.com/wvl"},{"name":"ritch","email":"skawful@gmail.com"}],"dependencies":{},"devDependencies":{},"engines":{"node":"*"},"_engineSupported":true,"_npmVersion":"1.0.22","_nodeVersion":"v0.4.11-pre","_defaultsLoaded":true,"dist":{"shasum":"2137e3d9a45c547b8df9f1309b8fbca29ea20822","tarball":"https://registry.npmjs.org/rimraf/-/rimraf-1.0.4.tgz"},"maintainers":[{"name":"isaacs","email":"i@izs.me"}],"directories":{}},"1.0.5":{"name":"rimraf","version":"1.0.5","main":"rimraf.js","description":"A deep deletion module for node (like `rm -rf`)","author":{"name":"Isaac Z. Schlueter","email":"i@izs.me","url":"http://blog.izs.me/"},"license":{"type":"MIT","url":"https://github.com/isaacs/rimraf/raw/master/LICENSE"},"repository":{"type":"git","url":"git://github.com/isaacs/rimraf.git"},"scripts":{"test":"cd test && bash run.sh"},"_npmJsonOpts":{"file":"/Users/isaacs/.npm/rimraf/1.0.5/package/package.json","wscript":false,"serverjs":false,"contributors":["Isaac Z. Schlueter <i@izs.me> (http://blog.izs.me)","Wayne Larsen <wayne@larsen.st> (http://github.com/wvl)","ritch <skawful@gmail.com>","Marcel Laverdet"]},"_id":"rimraf@1.0.5","contributors":[{"name":"Isaac Z. Schlueter","email":"i@izs.me","url":"http://blog.izs.me"},{"name":"Wayne Larsen","email":"wayne@larsen.st","url":"http://github.com/wvl"},{"name":"ritch","email":"skawful@gmail.com"},{"name":"Marcel Laverdet"}],"dependencies":{},"devDependencies":{},"engines":{"node":"*"},"_engineSupported":true,"_npmVersion":"1.0.27","_nodeVersion":"v0.4.11","_defaultsLoaded":true,"dist":{"shasum":"2c988219578bc569e461b9202bc22f5dbfa5b3e3","tarball":"https://registry.npmjs.org/rimraf/-/rimraf-1.0.5.tgz"},"maintainers":[{"name":"isaacs","email":"i@izs.me"}],"directories":{}},"1.0.6":{"name":"rimraf","version":"1.0.6","main":"rimraf.js","description":"A deep deletion module for node (like `rm -rf`)","author":{"name":"Isaac Z. Schlueter","email":"i@izs.me","url":"http://blog.izs.me/"},"license":{"type":"MIT","url":"https://github.com/isaacs/rimraf/raw/master/LICENSE"},"repository":{"type":"git","url":"git://github.com/isaacs/rimraf.git"},"scripts":{"test":"cd test && bash run.sh"},"_npmJsonOpts":{"file":"/Users/isaacs/.npm/rimraf/1.0.6/package/package.json","wscript":false,"serverjs":false,"contributors":["Isaac Z. Schlueter <i@izs.me> (http://blog.izs.me)","Wayne Larsen <wayne@larsen.st> (http://github.com/wvl)","ritch <skawful@gmail.com>","Marcel Laverdet"]},"_id":"rimraf@1.0.6","contributors":[{"name":"Isaac Z. Schlueter","email":"i@izs.me","url":"http://blog.izs.me"},{"name":"Wayne Larsen","email":"wayne@larsen.st","url":"http://github.com/wvl"},{"name":"ritch","email":"skawful@gmail.com"},{"name":"Marcel Laverdet"}],"dependencies":{},"devDependencies":{},"engines":{"node":"*"},"_engineSupported":true,"_npmVersion":"1.0.27","_nodeVersion":"v0.4.11","_defaultsLoaded":true,"dist":{"shasum":"8e404afc4edc5ac544dce5441a148e52657e5860","tarball":"https://registry.npmjs.org/rimraf/-/rimraf-1.0.6.tgz"},"maintainers":[{"name":"isaacs","email":"i@izs.me"}],"directories":{}},"1.0.7":{"name":"rimraf","version":"1.0.7","main":"rimraf.js","description":"A deep deletion module for node (like `rm -rf`)","author":{"name":"Isaac Z. Schlueter","email":"i@izs.me","url":"http://blog.izs.me/"},"license":{"type":"MIT","url":"https://github.com/isaacs/rimraf/raw/master/LICENSE"},"repository":{"type":"git","url":"git://github.com/isaacs/rimraf.git"},"scripts":{"test":"cd test && bash run.sh"},"_npmUser":{"name":"isaacs","email":"i@izs.me"},"_id":"rimraf@1.0.7","contributors":[{"name":"Isaac Z. Schlueter","email":"i@izs.me","url":"http://blog.izs.me"},{"name":"Wayne Larsen","email":"wayne@larsen.st","url":"http://github.com/wvl"},{"name":"ritch","email":"skawful@gmail.com"},{"name":"Marcel Laverdet"}],"dependencies":{},"devDependencies":{},"engines":{"node":"*"},"_engineSupported":true,"_npmVersion":"1.0.30","_nodeVersion":"v0.5.8-pre","_defaultsLoaded":true,"dist":{"shasum":"9b664339fb366bf669d79672718336eba8d6adb4","tarball":"https://registry.npmjs.org/rimraf/-/rimraf-1.0.7.tgz"},"maintainers":[{"name":"isaacs","email":"i@izs.me"}],"directories":{}},"1.0.8":{"name":"rimraf","version":"1.0.8","main":"rimraf.js","description":"A deep deletion module for node (like `rm -rf`)","author":{"name":"Isaac Z. Schlueter","email":"i@izs.me","url":"http://blog.izs.me/"},"license":{"type":"MIT","url":"https://github.com/isaacs/rimraf/raw/master/LICENSE"},"repository":{"type":"git","url":"git://github.com/isaacs/rimraf.git"},"scripts":{"test":"cd test && bash run.sh"},"_npmUser":{"name":"isaacs","email":"i@izs.me"},"_id":"rimraf@1.0.8","contributors":[{"name":"Isaac Z. Schlueter","email":"i@izs.me","url":"http://blog.izs.me"},{"name":"Wayne Larsen","email":"wayne@larsen.st","url":"http://github.com/wvl"},{"name":"ritch","email":"skawful@gmail.com"},{"name":"Marcel Laverdet"}],"dependencies":{},"devDependencies":{},"engines":{"node":"*"},"_engineSupported":true,"_npmVersion":"1.0.94","_nodeVersion":"v0.4.12","_defaultsLoaded":true,"dist":{"shasum":"d8808068156c5135b16842348304b92c86f23bd1","tarball":"https://registry.npmjs.org/rimraf/-/rimraf-1.0.8.tgz"},"maintainers":[{"name":"isaacs","email":"i@izs.me"}],"directories":{}},"1.0.9":{"name":"rimraf","version":"1.0.9","main":"rimraf.js","description":"A deep deletion module for node (like `rm -rf`)","author":{"name":"Isaac Z. Schlueter","email":"i@izs.me","url":"http://blog.izs.me/"},"license":{"type":"MIT","url":"https://github.com/isaacs/rimraf/raw/master/LICENSE"},"repository":{"type":"git","url":"git://github.com/isaacs/rimraf.git"},"scripts":{"test":"cd test && bash run.sh"},"_npmUser":{"name":"isaacs","email":"i@izs.me"},"_id":"rimraf@1.0.9","contributors":[{"name":"Isaac Z. Schlueter","email":"i@izs.me","url":"http://blog.izs.me"},{"name":"Wayne Larsen","email":"wayne@larsen.st","url":"http://github.com/wvl"},{"name":"ritch","email":"skawful@gmail.com"},{"name":"Marcel Laverdet"}],"dependencies":{},"devDependencies":{},"engines":{"node":"*"},"_engineSupported":true,"_npmVersion":"1.1.0-alpha-6","_nodeVersion":"v0.6.4","_defaultsLoaded":true,"dist":{"shasum":"be4801ff76c2ba6f1c50c78e9700eb1d21f239f1","tarball":"https://registry.npmjs.org/rimraf/-/rimraf-1.0.9.tgz"},"maintainers":[{"name":"isaacs","email":"i@izs.me"}],"directories":{}},"2.0.0":{"name":"rimraf","version":"2.0.0","main":"rimraf.js","description":"A deep deletion module for node (like `rm -rf`)","author":{"name":"Isaac Z. Schlueter","email":"i@izs.me","url":"http://blog.izs.me/"},"license":{"type":"MIT","url":"https://github.com/isaacs/rimraf/raw/master/LICENSE"},"optionalDependencies":{"graceful-fs":"~1.1"},"repository":{"type":"git","url":"git://github.com/isaacs/rimraf.git"},"scripts":{"test":"cd test && bash run.sh"},"_npmUser":{"name":"isaacs","email":"i@izs.me"},"_id":"rimraf@2.0.0","contributors":[{"name":"Isaac Z. Schlueter","email":"i@izs.me","url":"http://blog.izs.me"},{"name":"Wayne Larsen","email":"wayne@larsen.st","url":"http://github.com/wvl"},{"name":"ritch","email":"skawful@gmail.com"},{"name":"Marcel Laverdet"},{"name":"Yosef Dinerstein","email":"yosefd@microsoft.com"}],"dependencies":{"graceful-fs":"~1.1"},"devDependencies":{},"engines":{"node":"*"},"_engineSupported":true,"_npmVersion":"1.1.0-3","_nodeVersion":"v0.6.9-pre","_defaultsLoaded":true,"dist":{"shasum":"61bafdc9d6b385e8de0101b4b47c3d01b856c1ee","tarball":"https://registry.npmjs.org/rimraf/-/rimraf-2.0.0.tgz"},"maintainers":[{"name":"isaacs","email":"i@izs.me"}],"directories":{}},"2.0.1":{"name":"rimraf","version":"2.0.1","main":"rimraf.js","description":"A deep deletion module for node (like `rm -rf`)","author":{"name":"Isaac Z. Schlueter","email":"i@izs.me","url":"http://blog.izs.me/"},"license":{"type":"MIT","url":"https://github.com/isaacs/rimraf/raw/master/LICENSE"},"optionalDependencies":{"graceful-fs":"~1.1"},"repository":{"type":"git","url":"git://github.com/isaacs/rimraf.git"},"scripts":{"test":"cd test && bash run.sh"},"_npmUser":{"name":"isaacs","email":"i@izs.me"},"_id":"rimraf@2.0.1","contributors":[{"name":"Isaac Z. Schlueter","email":"i@izs.me","url":"http://blog.izs.me"},{"name":"Wayne Larsen","email":"wayne@larsen.st","url":"http://github.com/wvl"},{"name":"ritch","email":"skawful@gmail.com"},{"name":"Marcel Laverdet"},{"name":"Yosef Dinerstein","email":"yosefd@microsoft.com"}],"dependencies":{"graceful-fs":"~1.1"},"devDependencies":{},"engines":{"node":"*"},"_engineSupported":true,"_npmVersion":"1.1.0-3","_nodeVersion":"v0.6.9-pre","_defaultsLoaded":true,"dist":{"shasum":"6e58b6e7d3980bd620618d0703d502f872078fee","tarball":"https://registry.npmjs.org/rimraf/-/rimraf-2.0.1.tgz"},"maintainers":[{"name":"isaacs","email":"i@izs.me"}],"directories":{}},"2.0.2":{"name":"rimraf","version":"2.0.2","main":"rimraf.js","description":"A deep deletion module for node (like `rm -rf`)","author":{"name":"Isaac Z. Schlueter","email":"i@izs.me","url":"http://blog.izs.me/"},"license":{"type":"MIT","url":"https://github.com/isaacs/rimraf/raw/master/LICENSE"},"optionalDependencies":{"graceful-fs":"~1.1"},"repository":{"type":"git","url":"git://github.com/isaacs/rimraf.git"},"scripts":{"test":"cd test && bash run.sh"},"_npmUser":{"name":"isaacs","email":"i@izs.me"},"_id":"rimraf@2.0.2","contributors":[{"name":"Isaac Z. Schlueter","email":"i@izs.me","url":"http://blog.izs.me"},{"name":"Wayne Larsen","email":"wayne@larsen.st","url":"http://github.com/wvl"},{"name":"ritch","email":"skawful@gmail.com"},{"name":"Marcel Laverdet"},{"name":"Yosef Dinerstein","email":"yosefd@microsoft.com"}],"dependencies":{"graceful-fs":"~1.1"},"devDependencies":{},"engines":{"node":"*"},"_engineSupported":true,"_npmVersion":"1.1.24","_nodeVersion":"v0.7.10-pre","_defaultsLoaded":true,"dist":{"shasum":"2a860f3f74bd7975002f73cb0b003b218ec351e4","tarball":"https://registry.npmjs.org/rimraf/-/rimraf-2.0.2.tgz"},"maintainers":[{"name":"isaacs","email":"i@izs.me"}],"directories":{}},"2.0.3":{"name":"rimraf","version":"2.0.3","main":"rimraf.js","description":"A deep deletion module for node (like `rm -rf`)","author":{"name":"Isaac Z. Schlueter","email":"i@izs.me","url":"http://blog.izs.me/"},"license":{"type":"MIT","url":"https://github.com/isaacs/rimraf/raw/master/LICENSE"},"optionalDependencies":{"graceful-fs":"~1.1"},"repository":{"type":"git","url":"git://github.com/isaacs/rimraf.git"},"scripts":{"test":"cd test && bash run.sh"},"contributors":[{"name":"Isaac Z. Schlueter","email":"i@izs.me","url":"http://blog.izs.me"},{"name":"Wayne Larsen","email":"wayne@larsen.st","url":"http://github.com/wvl"},{"name":"ritch","email":"skawful@gmail.com"},{"name":"Marcel Laverdet"},{"name":"Yosef Dinerstein","email":"yosefd@microsoft.com"}],"_id":"rimraf@2.0.3","dependencies":{"graceful-fs":"~1.1"},"dist":{"shasum":"f50a2965e7144e9afd998982f15df706730f56a9","tarball":"https://registry.npmjs.org/rimraf/-/rimraf-2.0.3.tgz"},"_npmVersion":"1.1.69","_npmUser":{"name":"isaacs","email":"i@izs.me"},"maintainers":[{"name":"isaacs","email":"i@izs.me"}],"directories":{}},"2.1.0":{"name":"rimraf","version":"2.1.0","main":"rimraf.js","description":"A deep deletion module for node (like `rm -rf`)","author":{"name":"Isaac Z. Schlueter","email":"i@izs.me","url":"http://blog.izs.me/"},"license":{"type":"MIT","url":"https://github.com/isaacs/rimraf/raw/master/LICENSE"},"optionalDependencies":{"graceful-fs":"~1.1"},"repository":{"type":"git","url":"git://github.com/isaacs/rimraf.git"},"scripts":{"test":"cd test && bash run.sh"},"contributors":[{"name":"Isaac Z. Schlueter","email":"i@izs.me","url":"http://blog.izs.me"},{"name":"Wayne Larsen","email":"wayne@larsen.st","url":"http://github.com/wvl"},{"name":"ritch","email":"skawful@gmail.com"},{"name":"Marcel Laverdet"},{"name":"Yosef Dinerstein","email":"yosefd@microsoft.com"}],"_id":"rimraf@2.1.0","dependencies":{"graceful-fs":"~1.1"},"dist":{"shasum":"6003214d56590b613791b457b4df6fb3170dc73b","tarball":"https://registry.npmjs.org/rimraf/-/rimraf-2.1.0.tgz"},"_npmVersion":"1.1.70","_npmUser":{"name":"isaacs","email":"i@izs.me"},"maintainers":[{"name":"isaacs","email":"i@izs.me"}],"directories":{}},"2.1.1":{"name":"rimraf","version":"2.1.1","main":"rimraf.js","description":"A deep deletion module for node (like `rm -rf`)","author":{"name":"Isaac Z. Schlueter","email":"i@izs.me","url":"http://blog.izs.me/"},"license":{"type":"MIT","url":"https://github.com/isaacs/rimraf/raw/master/LICENSE"},"optionalDependencies":{"graceful-fs":"~1.1"},"repository":{"type":"git","url":"git://github.com/isaacs/rimraf.git"},"scripts":{"test":"cd test && bash run.sh"},"contributors":[{"name":"Isaac Z. Schlueter","email":"i@izs.me","url":"http://blog.izs.me"},{"name":"Wayne Larsen","email":"wayne@larsen.st","url":"http://github.com/wvl"},{"name":"ritch","email":"skawful@gmail.com"},{"name":"Marcel Laverdet"},{"name":"Yosef Dinerstein","email":"yosefd@microsoft.com"}],"_id":"rimraf@2.1.1","dependencies":{"graceful-fs":"~1.1"},"dist":{"shasum":"ee9cec7e2d796ef59ceaa5f3a3024c225e630c61","tarball":"https://registry.npmjs.org/rimraf/-/rimraf-2.1.1.tgz"},"_npmVersion":"1.1.70","_npmUser":{"name":"isaacs","email":"i@izs.me"},"maintainers":[{"name":"isaacs","email":"i@izs.me"}],"directories":{}},"2.1.2":{"name":"rimraf","version":"2.1.2","main":"rimraf.js","description":"A deep deletion module for node (like `rm -rf`)","author":{"name":"Isaac Z. Schlueter","email":"i@izs.me","url":"http://blog.izs.me/"},"license":{"type":"MIT","url":"https://github.com/isaacs/rimraf/raw/master/LICENSE"},"optionalDependencies":{"graceful-fs":"~1.1"},"repository":{"type":"git","url":"git://github.com/isaacs/rimraf.git"},"scripts":{"test":"cd test && bash run.sh"},"contributors":[{"name":"Isaac Z. Schlueter","email":"i@izs.me","url":"http://blog.izs.me"},{"name":"Wayne Larsen","email":"wayne@larsen.st","url":"http://github.com/wvl"},{"name":"ritch","email":"skawful@gmail.com"},{"name":"Marcel Laverdet"},{"name":"Yosef Dinerstein","email":"yosefd@microsoft.com"}],"_id":"rimraf@2.1.2","dependencies":{"graceful-fs":"~1.1"},"dist":{"shasum":"82b9bedb9f88c39c43a20b01f209551b34a2ab76","tarball":"https://registry.npmjs.org/rimraf/-/rimraf-2.1.2.tgz"},"_from":".","_npmVersion":"1.2.2","_npmUser":{"name":"isaacs","email":"i@izs.me"},"maintainers":[{"name":"isaacs","email":"i@izs.me"}],"directories":{}},"2.1.3":{"name":"rimraf","version":"2.1.3","main":"rimraf.js","description":"A deep deletion module for node (like `rm -rf`)","author":{"name":"Isaac Z. Schlueter","email":"i@izs.me","url":"http://blog.izs.me/"},"license":{"type":"MIT","url":"https://github.com/isaacs/rimraf/raw/master/LICENSE"},"optionalDependencies":{"graceful-fs":"~1"},"repository":{"type":"git","url":"git://github.com/isaacs/rimraf.git"},"scripts":{"test":"cd test && bash run.sh"},"contributors":[{"name":"Isaac Z. Schlueter","email":"i@izs.me","url":"http://blog.izs.me"},{"name":"Wayne Larsen","email":"wayne@larsen.st","url":"http://github.com/wvl"},{"name":"ritch","email":"skawful@gmail.com"},{"name":"Marcel Laverdet"},{"name":"Yosef Dinerstein","email":"yosefd@microsoft.com"}],"_id":"rimraf@2.1.3","dependencies":{"graceful-fs":"~1"},"dist":{"shasum":"23f9915e1935e2548fee061ae982316006f66322","tarball":"https://registry.npmjs.org/rimraf/-/rimraf-2.1.3.tgz"},"_from":".","_npmVersion":"1.2.4","_npmUser":{"name":"isaacs","email":"i@izs.me"},"maintainers":[{"name":"isaacs","email":"i@izs.me"}],"directories":{}},"2.1.4":{"name":"rimraf","version":"2.1.4","main":"rimraf.js","description":"A deep deletion module for node (like `rm -rf`)","author":{"name":"Isaac Z. Schlueter","email":"i@izs.me","url":"http://blog.izs.me/"},"license":{"type":"MIT","url":"https://github.com/isaacs/rimraf/raw/master/LICENSE"},"optionalDependencies":{"graceful-fs":"~1"},"repository":{"type":"git","url":"git://github.com/isaacs/rimraf.git"},"scripts":{"test":"cd test && bash run.sh"},"contributors":[{"name":"Isaac Z. Schlueter","email":"i@izs.me","url":"http://blog.izs.me"},{"name":"Wayne Larsen","email":"wayne@larsen.st","url":"http://github.com/wvl"},{"name":"ritch","email":"skawful@gmail.com"},{"name":"Marcel Laverdet"},{"name":"Yosef Dinerstein","email":"yosefd@microsoft.com"}],"_id":"rimraf@2.1.4","dependencies":{"graceful-fs":"~1"},"dist":{"shasum":"5a6eb62eeda068f51ede50f29b3e5cd22f3d9bb2","tarball":"https://registry.npmjs.org/rimraf/-/rimraf-2.1.4.tgz"},"_from":".","_npmVersion":"1.2.7","_npmUser":{"name":"isaacs","email":"i@izs.me"},"maintainers":[{"name":"isaacs","email":"i@izs.me"}],"directories":{}},"2.2.0":{"name":"rimraf","version":"2.2.0","main":"rimraf.js","description":"A deep deletion module for node (like `rm -rf`)","author":{"name":"Isaac Z. Schlueter","email":"i@izs.me","url":"http://blog.izs.me/"},"license":{"type":"MIT","url":"https://github.com/isaacs/rimraf/raw/master/LICENSE"},"optionalDependencies":{"graceful-fs":"~1"},"repository":{"type":"git","url":"git://github.com/isaacs/rimraf.git"},"scripts":{"test":"cd test && bash run.sh"},"bin":{"rimraf":"./bin.js"},"contributors":[{"name":"Isaac Z. Schlueter","email":"i@izs.me","url":"http://blog.izs.me"},{"name":"Wayne Larsen","email":"wayne@larsen.st","url":"http://github.com/wvl"},{"name":"ritch","email":"skawful@gmail.com"},{"name":"Marcel Laverdet"},{"name":"Yosef Dinerstein","email":"yosefd@microsoft.com"}],"bugs":{"url":"https://github.com/isaacs/rimraf/issues"},"dependencies":{"graceful-fs":"~1"},"_id":"rimraf@2.2.0","dist":{"shasum":"70797542e81a935849443d7b69bec612ca74c96e","tarball":"https://registry.npmjs.org/rimraf/-/rimraf-2.2.0.tgz"},"_from":".","_npmVersion":"1.3.0","_npmUser":{"name":"isaacs","email":"i@izs.me"},"maintainers":[{"name":"isaacs","email":"i@izs.me"}],"directories":{}},"2.2.1":{"name":"rimraf","version":"2.2.1","main":"rimraf.js","description":"A deep deletion module for node (like `rm -rf`)","author":{"name":"Isaac Z. Schlueter","email":"i@izs.me","url":"http://blog.izs.me/"},"license":{"type":"MIT","url":"https://github.com/isaacs/rimraf/raw/master/LICENSE"},"optionalDependencies":{"graceful-fs":"~1"},"repository":{"type":"git","url":"git://github.com/isaacs/rimraf.git"},"scripts":{"test":"cd test && bash run.sh"},"bin":{"rimraf":"./bin.js"},"contributors":[{"name":"Isaac Z. Schlueter","email":"i@izs.me","url":"http://blog.izs.me"},{"name":"Wayne Larsen","email":"wayne@larsen.st","url":"http://github.com/wvl"},{"name":"ritch","email":"skawful@gmail.com"},{"name":"Marcel Laverdet"},{"name":"Yosef Dinerstein","email":"yosefd@microsoft.com"}],"bugs":{"url":"https://github.com/isaacs/rimraf/issues"},"dependencies":{"graceful-fs":"~1"},"_id":"rimraf@2.2.1","dist":{"shasum":"8f49c57874ce166b667fbfecac2cdf7f26d3d8a5","tarball":"https://registry.npmjs.org/rimraf/-/rimraf-2.2.1.tgz"},"_from":".","_npmVersion":"1.3.4","_npmUser":{"name":"isaacs","email":"i@izs.me"},"maintainers":[{"name":"isaacs","email":"i@izs.me"}],"directories":{}},"2.2.2":{"name":"rimraf","version":"2.2.2","main":"rimraf.js","description":"A deep deletion module for node (like `rm -rf`)","author":{"name":"Isaac Z. Schlueter","email":"i@izs.me","url":"http://blog.izs.me/"},"license":{"type":"MIT","url":"https://github.com/isaacs/rimraf/raw/master/LICENSE"},"optionalDependencies":{"graceful-fs":"~2"},"repository":{"type":"git","url":"git://github.com/isaacs/rimraf.git"},"scripts":{"test":"cd test && bash run.sh"},"bin":{"rimraf":"./bin.js"},"contributors":[{"name":"Isaac Z. Schlueter","email":"i@izs.me","url":"http://blog.izs.me"},{"name":"Wayne Larsen","email":"wayne@larsen.st","url":"http://github.com/wvl"},{"name":"ritch","email":"skawful@gmail.com"},{"name":"Marcel Laverdet"},{"name":"Yosef Dinerstein","email":"yosefd@microsoft.com"}],"bugs":{"url":"https://github.com/isaacs/rimraf/issues"},"dependencies":{"graceful-fs":"~2"},"_id":"rimraf@2.2.2","dist":{"shasum":"d99ec41dc646e55bf7a7a44a255c28bef33a8abf","tarball":"https://registry.npmjs.org/rimraf/-/rimraf-2.2.2.tgz"},"_from":".","_npmVersion":"1.3.4","_npmUser":{"name":"isaacs","email":"i@izs.me"},"maintainers":[{"name":"isaacs","email":"i@izs.me"}],"directories":{}},"2.2.3":{"name":"rimraf","version":"2.2.3","main":"rimraf.js","description":"A deep deletion module for node (like `rm -rf`)","author":{"name":"Isaac Z. Schlueter","email":"i@izs.me","url":"http://blog.izs.me/"},"license":{"type":"MIT","url":"https://github.com/isaacs/rimraf/raw/master/LICENSE"},"optionalDependencies":{"graceful-fs":"~2"},"repository":{"type":"git","url":"git://github.com/isaacs/rimraf.git"},"scripts":{"test":"cd test && bash run.sh"},"bin":{"rimraf":"./bin.js"},"contributors":[{"name":"Isaac Z. Schlueter","email":"i@izs.me","url":"http://blog.izs.me"},{"name":"Wayne Larsen","email":"wayne@larsen.st","url":"http://github.com/wvl"},{"name":"ritch","email":"skawful@gmail.com"},{"name":"Marcel Laverdet"},{"name":"Yosef Dinerstein","email":"yosefd@microsoft.com"}],"bugs":{"url":"https://github.com/isaacs/rimraf/issues"},"homepage":"https://github.com/isaacs/rimraf","dependencies":{"graceful-fs":"~2"},"_id":"rimraf@2.2.3","dist":{"shasum":"ed60a43d480a1d576d0715aadf36181ffe3186c6","tarball":"https://registry.npmjs.org/rimraf/-/rimraf-2.2.3.tgz"},"_from":".","_npmVersion":"1.3.15","_npmUser":{"name":"isaacs","email":"i@izs.me"},"maintainers":[{"name":"isaacs","email":"i@izs.me"}],"directories":{}},"2.2.4":{"name":"rimraf","version":"2.2.4","main":"rimraf.js","description":"A deep deletion module for node (like `rm -rf`)","author":{"name":"Isaac Z. Schlueter","email":"i@izs.me","url":"http://blog.izs.me/"},"license":{"type":"MIT","url":"https://github.com/isaacs/rimraf/raw/master/LICENSE"},"optionalDependencies":{"graceful-fs":"~2"},"repository":{"type":"git","url":"git://github.com/isaacs/rimraf.git"},"scripts":{"test":"cd test && bash run.sh"},"bin":{"rimraf":"./bin.js"},"contributors":[{"name":"Isaac Z. Schlueter","email":"i@izs.me","url":"http://blog.izs.me"},{"name":"Wayne Larsen","email":"wayne@larsen.st","url":"http://github.com/wvl"},{"name":"ritch","email":"skawful@gmail.com"},{"name":"Marcel Laverdet"},{"name":"Yosef Dinerstein","email":"yosefd@microsoft.com"}],"bugs":{"url":"https://github.com/isaacs/rimraf/issues"},"homepage":"https://github.com/isaacs/rimraf","dependencies":{"graceful-fs":"~2"},"_id":"rimraf@2.2.4","dist":{"shasum":"9f0b530f829f7b655a6e4d2fd8cf4c042336ef58","tarball":"https://registry.npmjs.org/rimraf/-/rimraf-2.2.4.tgz"},"_from":".","_npmVersion":"1.3.15","_npmUser":{"name":"isaacs","email":"i@izs.me"},"maintainers":[{"name":"isaacs","email":"i@izs.me"}],"directories":{}},"2.2.5":{"name":"rimraf","version":"2.2.5","main":"rimraf.js","description":"A deep deletion module for node (like `rm -rf`)","author":{"name":"Isaac Z. Schlueter","email":"i@izs.me","url":"http://blog.izs.me/"},"license":{"type":"MIT","url":"https://github.com/isaacs/rimraf/raw/master/LICENSE"},"repository":{"type":"git","url":"git://github.com/isaacs/rimraf.git"},"scripts":{"test":"cd test && bash run.sh"},"bin":{"rimraf":"./bin.js"},"contributors":[{"name":"Isaac Z. Schlueter","email":"i@izs.me","url":"http://blog.izs.me"},{"name":"Wayne Larsen","email":"wayne@larsen.st","url":"http://github.com/wvl"},{"name":"ritch","email":"skawful@gmail.com"},{"name":"Marcel Laverdet"},{"name":"Yosef Dinerstein","email":"yosefd@microsoft.com"}],"bugs":{"url":"https://github.com/isaacs/rimraf/issues"},"homepage":"https://github.com/isaacs/rimraf","_id":"rimraf@2.2.5","dist":{"shasum":"4e5c4f667b121afa806d0c5b58920996f9478aa0","tarball":"https://registry.npmjs.org/rimraf/-/rimraf-2.2.5.tgz"},"_from":".","_npmVersion":"1.3.15","_npmUser":{"name":"isaacs","email":"i@izs.me"},"maintainers":[{"name":"isaacs","email":"i@izs.me"}],"directories":{}},"2.2.6":{"name":"rimraf","version":"2.2.6","main":"rimraf.js","description":"A deep deletion module for node (like `rm -rf`)","author":{"name":"Isaac Z. Schlueter","email":"i@izs.me","url":"http://blog.izs.me/"},"license":{"type":"MIT","url":"https://github.com/isaacs/rimraf/raw/master/LICENSE"},"repository":{"type":"git","url":"git://github.com/isaacs/rimraf.git"},"scripts":{"test":"cd test && bash run.sh"},"bin":{"rimraf":"./bin.js"},"contributors":[{"name":"Isaac Z. Schlueter","email":"i@izs.me","url":"http://blog.izs.me"},{"name":"Wayne Larsen","email":"wayne@larsen.st","url":"http://github.com/wvl"},{"name":"ritch","email":"skawful@gmail.com"},{"name":"Marcel Laverdet"},{"name":"Yosef Dinerstein","email":"yosefd@microsoft.com"}],"bugs":{"url":"https://github.com/isaacs/rimraf/issues"},"homepage":"https://github.com/isaacs/rimraf","_id":"rimraf@2.2.6","dist":{"shasum":"c59597569b14d956ad29cacc42bdddf5f0ea4f4c","tarball":"https://registry.npmjs.org/rimraf/-/rimraf-2.2.6.tgz"},"_from":".","_npmVersion":"1.3.23","_npmUser":{"name":"isaacs","email":"i@izs.me"},"maintainers":[{"name":"isaacs","email":"i@izs.me"}],"directories":{}},"2.2.8":{"name":"rimraf","version":"2.2.8","main":"rimraf.js","description":"A deep deletion module for node (like `rm -rf`)","author":{"name":"Isaac Z. Schlueter","email":"i@izs.me","url":"http://blog.izs.me/"},"license":{"type":"MIT","url":"https://github.com/isaacs/rimraf/raw/master/LICENSE"},"repository":{"type":"git","url":"git://github.com/isaacs/rimraf.git"},"scripts":{"test":"cd test && bash run.sh"},"bin":{"rimraf":"./bin.js"},"contributors":[{"name":"Isaac Z. Schlueter","email":"i@izs.me","url":"http://blog.izs.me"},{"name":"Wayne Larsen","email":"wayne@larsen.st","url":"http://github.com/wvl"},{"name":"ritch","email":"skawful@gmail.com"},{"name":"Marcel Laverdet"},{"name":"Yosef Dinerstein","email":"yosefd@microsoft.com"}],"bugs":{"url":"https://github.com/isaacs/rimraf/issues"},"homepage":"https://github.com/isaacs/rimraf","_id":"rimraf@2.2.8","_shasum":"e439be2aaee327321952730f99a8929e4fc50582","_from":".","_npmVersion":"1.4.10","_npmUser":{"name":"isaacs","email":"i@izs.me"},"maintainers":[{"name":"isaacs","email":"i@izs.me"}],"dist":{"shasum":"e439be2aaee327321952730f99a8929e4fc50582","tarball":"https://registry.npmjs.org/rimraf/-/rimraf-2.2.8.tgz"},"directories":{}},"2.3.0":{"name":"rimraf","version":"2.3.0","main":"rimraf.js","description":"A deep deletion module for node (like `rm -rf`)","author":{"name":"Isaac Z. Schlueter","email":"i@izs.me","url":"http://blog.izs.me/"},"license":{"type":"MIT","url":"https://github.com/isaacs/rimraf/raw/master/LICENSE"},"repository":{"type":"git","url":"git://github.com/isaacs/rimraf.git"},"scripts":{"test":"cd test && bash run.sh"},"bin":{"rimraf":"./bin.js"},"dependencies":{"glob":"^4.4.1"},"files":["bin.js","rimraf.js","LICENSE","README.md"],"gitHead":"e4e9dcbf64d55b8ced01a914e08827715089190a","bugs":{"url":"https://github.com/isaacs/rimraf/issues"},"homepage":"https://github.com/isaacs/rimraf","_id":"rimraf@2.3.0","_shasum":"a5f0f3c702e39939be3ecbd1f7098f99750b5ed8","_from":".","_npmVersion":"2.6.0","_nodeVersion":"1.4.2","_npmUser":{"name":"isaacs","email":"i@izs.me"},"maintainers":[{"name":"isaacs","email":"i@izs.me"}],"dist":{"shasum":"a5f0f3c702e39939be3ecbd1f7098f99750b5ed8","tarball":"https://registry.npmjs.org/rimraf/-/rimraf-2.3.0.tgz"},"directories":{}},"2.3.1":{"name":"rimraf","version":"2.3.1","main":"rimraf.js","description":"A deep deletion module for node (like `rm -rf`)","author":{"name":"Isaac Z. Schlueter","email":"i@izs.me","url":"http://blog.izs.me/"},"license":{"type":"MIT","url":"https://github.com/isaacs/rimraf/raw/master/LICENSE"},"repository":{"type":"git","url":"git://github.com/isaacs/rimraf.git"},"scripts":{"test":"cd test && bash run.sh"},"bin":{"rimraf":"./bin.js"},"dependencies":{"glob":"^4.4.2"},"files":["bin.js","rimraf.js","LICENSE","README.md"],"gitHead":"aa707db2fb5b11c35fc614a1472775373dc9d46c","bugs":{"url":"https://github.com/isaacs/rimraf/issues"},"homepage":"https://github.com/isaacs/rimraf","_id":"rimraf@2.3.1","_shasum":"f83df78c168d5daf9f021e8e092e7a165898ee75","_from":".","_npmVersion":"2.6.0","_nodeVersion":"1.4.2","_npmUser":{"name":"isaacs","email":"i@izs.me"},"maintainers":[{"name":"isaacs","email":"i@izs.me"}],"dist":{"shasum":"f83df78c168d5daf9f021e8e092e7a165898ee75","tarball":"https://registry.npmjs.org/rimraf/-/rimraf-2.3.1.tgz"},"directories":{}},"2.3.2":{"name":"rimraf","version":"2.3.2","main":"rimraf.js","description":"A deep deletion module for node (like `rm -rf`)","author":{"name":"Isaac Z. Schlueter","email":"i@izs.me","url":"http://blog.izs.me/"},"license":{"type":"MIT","url":"https://github.com/isaacs/rimraf/raw/master/LICENSE"},"repository":{"type":"git","url":"git://github.com/isaacs/rimraf.git"},"scripts":{"test":"cd test && bash run.sh"},"bin":{"rimraf":"./bin.js"},"dependencies":{"glob":"^4.4.2"},"files":["bin.js","rimraf.js","LICENSE","README.md"],"gitHead":"9d5ab4a8b6986ec909af04f6d91315e98f5893e8","bugs":{"url":"https://github.com/isaacs/rimraf/issues"},"homepage":"https://github.com/isaacs/rimraf","_id":"rimraf@2.3.2","_shasum":"7304bd9275c401b89103b106b3531c1ef0c02fe9","_from":".","_npmVersion":"2.7.0","_nodeVersion":"1.4.2","_npmUser":{"name":"isaacs","email":"i@izs.me"},"maintainers":[{"name":"isaacs","email":"i@izs.me"}],"dist":{"shasum":"7304bd9275c401b89103b106b3531c1ef0c02fe9","tarball":"https://registry.npmjs.org/rimraf/-/rimraf-2.3.2.tgz"},"directories":{}},"2.3.3":{"name":"rimraf","version":"2.3.3","main":"rimraf.js","description":"A deep deletion module for node (like `rm -rf`)","author":{"name":"Isaac Z. Schlueter","email":"i@izs.me","url":"http://blog.izs.me/"},"license":{"type":"MIT","url":"https://github.com/isaacs/rimraf/raw/master/LICENSE"},"repository":{"type":"git","url":"git://github.com/isaacs/rimraf.git"},"scripts":{"test":"cd test && bash run.sh"},"bin":{"rimraf":"./bin.js"},"dependencies":{"glob":"^4.4.2"},"files":["bin.js","rimraf.js","LICENSE","README.md"],"gitHead":"ad4efe8102a72c77bf2b13165ecc2229a9a68955","bugs":{"url":"https://github.com/isaacs/rimraf/issues"},"homepage":"https://github.com/isaacs/rimraf","_id":"rimraf@2.3.3","_shasum":"d0073d8b3010611e8f3ad377b08e9a3c18b98f06","_from":".","_npmVersion":"2.7.6","_nodeVersion":"1.7.1","_npmUser":{"name":"isaacs","email":"isaacs@npmjs.com"},"dist":{"shasum":"d0073d8b3010611e8f3ad377b08e9a3c18b98f06","tarball":"https://registry.npmjs.org/rimraf/-/rimraf-2.3.3.tgz"},"maintainers":[{"name":"isaacs","email":"i@izs.me"}],"directories":{}},"2.3.4":{"name":"rimraf","version":"2.3.4","main":"rimraf.js","description":"A deep deletion module for node (like `rm -rf`)","author":{"name":"Isaac Z. Schlueter","email":"i@izs.me","url":"http://blog.izs.me/"},"license":"ISC","repository":{"type":"git","url":"git://github.com/isaacs/rimraf.git"},"scripts":{"test":"cd test && bash run.sh"},"bin":{"rimraf":"./bin.js"},"dependencies":{"glob":"^4.4.2"},"files":["bin.js","rimraf.js","LICENSE","README.md"],"gitHead":"2a6cc45bbbdd8da5fd703d8af62843565f7dea57","bugs":{"url":"https://github.com/isaacs/rimraf/issues"},"homepage":"https://github.com/isaacs/rimraf#readme","_id":"rimraf@2.3.4","_shasum":"82d9bc1b2fcf31e205ac7b28138a025d08e9159a","_from":".","_npmVersion":"2.10.0","_nodeVersion":"2.0.1","_npmUser":{"name":"isaacs","email":"isaacs@npmjs.com"},"dist":{"shasum":"82d9bc1b2fcf31e205ac7b28138a025d08e9159a","tarball":"https://registry.npmjs.org/rimraf/-/rimraf-2.3.4.tgz"},"maintainers":[{"name":"isaacs","email":"i@izs.me"}],"directories":{}},"2.4.0":{"name":"rimraf","version":"2.4.0","main":"rimraf.js","description":"A deep deletion module for node (like `rm -rf`)","author":{"name":"Isaac Z. Schlueter","email":"i@izs.me","url":"http://blog.izs.me/"},"license":"ISC","repository":{"type":"git","url":"git://github.com/isaacs/rimraf.git"},"scripts":{"test":"tap test/*.js"},"bin":{"rimraf":"./bin.js"},"dependencies":{"glob":"^4.4.2"},"files":["bin.js","rimraf.js","LICENSE","README.md"],"devDependencies":{"mkdirp":"^0.5.1","tap":"^1.2.0"},"gitHead":"2128f0b9ade05a81394dd21a383fa309dd9eca94","bugs":{"url":"https://github.com/isaacs/rimraf/issues"},"homepage":"https://github.com/isaacs/rimraf#readme","_id":"rimraf@2.4.0","_shasum":"40ba0416037d8511ecb50f6b07cf8d18e658a864","_from":".","_npmVersion":"2.10.1","_nodeVersion":"2.0.1","_npmUser":{"name":"isaacs","email":"isaacs@npmjs.com"},"dist":{"shasum":"40ba0416037d8511ecb50f6b07cf8d18e658a864","tarball":"https://registry.npmjs.org/rimraf/-/rimraf-2.4.0.tgz"},"maintainers":[{"name":"isaacs","email":"i@izs.me"}],"directories":{}},"2.4.1":{"name":"rimraf","version":"2.4.1","main":"rimraf.js","description":"A deep deletion module for node (like `rm -rf`)","author":{"name":"Isaac Z. Schlueter","email":"i@izs.me","url":"http://blog.izs.me/"},"license":"ISC","repository":{"type":"git","url":"git://github.com/isaacs/rimraf.git"},"scripts":{"test":"tap test/*.js"},"bin":{"rimraf":"./bin.js"},"dependencies":{"glob":"^4.4.2"},"files":["bin.js","rimraf.js","LICENSE","README.md"],"devDependencies":{"mkdirp":"^0.5.1","tap":"^1.2.0"},"gitHead":"9b97ac62e1b459d84dbe18f20757bfe4374e65ab","bugs":{"url":"https://github.com/isaacs/rimraf/issues"},"homepage":"https://github.com/isaacs/rimraf#readme","_id":"rimraf@2.4.1","_shasum":"99ff3cc1d61d687b67489b9f97cfa9d3db3b9e48","_from":".","_npmVersion":"3.0.0","_nodeVersion":"2.2.1","_npmUser":{"name":"isaacs","email":"isaacs@npmjs.com"},"dist":{"shasum":"99ff3cc1d61d687b67489b9f97cfa9d3db3b9e48","tarball":"https://registry.npmjs.org/rimraf/-/rimraf-2.4.1.tgz"},"maintainers":[{"name":"isaacs","email":"i@izs.me"}],"directories":{}},"2.4.2":{"name":"rimraf","version":"2.4.2","main":"rimraf.js","description":"A deep deletion module for node (like `rm -rf`)","author":{"name":"Isaac Z. Schlueter","email":"i@izs.me","url":"http://blog.izs.me/"},"license":"ISC","repository":{"type":"git","url":"git://github.com/isaacs/rimraf.git"},"scripts":{"test":"tap test/*.js"},"bin":{"rimraf":"./bin.js"},"dependencies":{"glob":"^5.0.14"},"files":["LICENSE","README.md","bin.js","rimraf.js"],"devDependencies":{"mkdirp":"^0.5.1","tap":"^1.3.1"},"gitHead":"4359e9d3b3c0f26e6abe3139a00b93337f1689d7","bugs":{"url":"https://github.com/isaacs/rimraf/issues"},"homepage":"https://github.com/isaacs/rimraf#readme","_id":"rimraf@2.4.2","_shasum":"ab4f39b08b72eae07c3d9fe9f4831aebfc9f431d","_from":".","_npmVersion":"3.1.0","_nodeVersion":"2.2.1","_npmUser":{"name":"isaacs","email":"isaacs@npmjs.com"},"dist":{"shasum":"ab4f39b08b72eae07c3d9fe9f4831aebfc9f431d","tarball":"https://registry.npmjs.org/rimraf/-/rimraf-2.4.2.tgz"},"maintainers":[{"name":"isaacs","email":"i@izs.me"}],"directories":{}},"2.4.3":{"name":"rimraf","version":"2.4.3","main":"rimraf.js","description":"A deep deletion module for node (like `rm -rf`)","author":{"name":"Isaac Z. Schlueter","email":"i@izs.me","url":"http://blog.izs.me/"},"license":"ISC","repository":{"type":"git","url":"git://github.com/isaacs/rimraf.git"},"scripts":{"test":"tap test/*.js"},"bin":{"rimraf":"./bin.js"},"dependencies":{"glob":"^5.0.14"},"files":["LICENSE","README.md","bin.js","rimraf.js"],"devDependencies":{"mkdirp":"^0.5.1","tap":"^1.3.1"},"gitHead":"ec7050f8ca14c931b847414f18466e601ca7c02e","bugs":{"url":"https://github.com/isaacs/rimraf/issues"},"homepage":"https://github.com/isaacs/rimraf#readme","_id":"rimraf@2.4.3","_shasum":"e5b51c9437a4c582adb955e9f28cf8d945e272af","_from":".","_npmVersion":"3.2.2","_nodeVersion":"2.2.1","_npmUser":{"name":"isaacs","email":"isaacs@npmjs.com"},"dist":{"shasum":"e5b51c9437a4c582adb955e9f28cf8d945e272af","tarball":"https://registry.npmjs.org/rimraf/-/rimraf-2.4.3.tgz"},"maintainers":[{"name":"isaacs","email":"i@izs.me"}],"directories":{}},"2.4.4":{"name":"rimraf","version":"2.4.4","main":"rimraf.js","description":"A deep deletion module for node (like `rm -rf`)","author":{"name":"Isaac Z. Schlueter","email":"i@izs.me","url":"http://blog.izs.me/"},"license":"ISC","repository":{"type":"git","url":"git://github.com/isaacs/rimraf.git"},"scripts":{"test":"tap test/*.js"},"bin":{"rimraf":"./bin.js"},"dependencies":{"glob":"^5.0.14"},"files":["LICENSE","README.md","bin.js","rimraf.js"],"devDependencies":{"mkdirp":"^0.5.1","tap":"^1.3.1"},"gitHead":"62ae8a4037e7190691eeab35265aed1c768d23e3","bugs":{"url":"https://github.com/isaacs/rimraf/issues"},"homepage":"https://github.com/isaacs/rimraf#readme","_id":"rimraf@2.4.4","_shasum":"b528ce2ebe0e6d89fb03b265de11d61da0dbcf82","_from":".","_npmVersion":"3.3.2","_nodeVersion":"4.0.0","_npmUser":{"name":"isaacs","email":"i@izs.me"},"dist":{"shasum":"b528ce2ebe0e6d89fb03b265de11d61da0dbcf82","tarball":"https://registry.npmjs.org/rimraf/-/rimraf-2.4.4.tgz"},"maintainers":[{"name":"isaacs","email":"i@izs.me"}],"directories":{}},"2.4.5":{"name":"rimraf","version":"2.4.5","main":"rimraf.js","description":"A deep deletion module for node (like `rm -rf`)","author":{"name":"Isaac Z. Schlueter","email":"i@izs.me","url":"http://blog.izs.me/"},"license":"ISC","repository":{"type":"git","url":"git://github.com/isaacs/rimraf.git"},"scripts":{"test":"tap test/*.js"},"bin":{"rimraf":"./bin.js"},"dependencies":{"glob":"^6.0.1"},"files":["LICENSE","README.md","bin.js","rimraf.js"],"devDependencies":{"mkdirp":"^0.5.1","tap":"^2.3.4"},"gitHead":"02c4ecd2a7a1895ada0a244ea04e6f0996f6ba61","bugs":{"url":"https://github.com/isaacs/rimraf/issues"},"homepage":"https://github.com/isaacs/rimraf#readme","_id":"rimraf@2.4.5","_shasum":"ee710ce5d93a8fdb856fb5ea8ff0e2d75934b2da","_from":".","_npmVersion":"3.3.2","_nodeVersion":"4.0.0","_npmUser":{"name":"isaacs","email":"i@izs.me"},"dist":{"shasum":"ee710ce5d93a8fdb856fb5ea8ff0e2d75934b2da","tarball":"https://registry.npmjs.org/rimraf/-/rimraf-2.4.5.tgz"},"maintainers":[{"name":"isaacs","email":"i@izs.me"}],"directories":{}},"2.5.0":{"name":"rimraf","version":"2.5.0","main":"rimraf.js","description":"A deep deletion module for node (like `rm -rf`)","author":{"name":"Isaac Z. Schlueter","email":"i@izs.me","url":"http://blog.izs.me/"},"license":"ISC","repository":{"type":"git","url":"git://github.com/isaacs/rimraf.git"},"scripts":{"test":"tap test/*.js"},"bin":{"rimraf":"./bin.js"},"dependencies":{"glob":"^6.0.1"},"files":["LICENSE","README.md","bin.js","rimraf.js"],"devDependencies":{"mkdirp":"^0.5.1","tap":"^2.3.4"},"gitHead":"c42412ca7a4c9fcf1a219bdfef2283bd7dcbc1d2","bugs":{"url":"https://github.com/isaacs/rimraf/issues"},"homepage":"https://github.com/isaacs/rimraf#readme","_id":"rimraf@2.5.0","_shasum":"30c096cdf772e26bf3e1d2cff84c2196541a9bb6","_from":".","_npmVersion":"3.3.2","_nodeVersion":"4.0.0","_npmUser":{"name":"isaacs","email":"i@izs.me"},"dist":{"shasum":"30c096cdf772e26bf3e1d2cff84c2196541a9bb6","tarball":"https://registry.npmjs.org/rimraf/-/rimraf-2.5.0.tgz"},"maintainers":[{"name":"isaacs","email":"i@izs.me"}],"directories":{}},"2.5.1":{"name":"rimraf","version":"2.5.1","main":"rimraf.js","description":"A deep deletion module for node (like `rm -rf`)","author":{"name":"Isaac Z. Schlueter","email":"i@izs.me","url":"http://blog.izs.me/"},"license":"ISC","repository":{"type":"git","url":"git://github.com/isaacs/rimraf.git"},"scripts":{"test":"tap test/*.js"},"bin":{"rimraf":"./bin.js"},"dependencies":{"glob":"^6.0.1"},"files":["LICENSE","README.md","bin.js","rimraf.js"],"devDependencies":{"mkdirp":"^0.5.1","tap":"^5.1.1"},"gitHead":"979f7a3aa061d2262f9e1b41c6e4afd66c71d1d5","bugs":{"url":"https://github.com/isaacs/rimraf/issues"},"homepage":"https://github.com/isaacs/rimraf#readme","_id":"rimraf@2.5.1","_shasum":"52e1e946f3f9b9b0d5d8988ba3191aaf2a2dbd43","_from":".","_npmVersion":"2.14.15","_nodeVersion":"4.0.0","_npmUser":{"name":"isaacs","email":"i@izs.me"},"dist":{"shasum":"52e1e946f3f9b9b0d5d8988ba3191aaf2a2dbd43","tarball":"https://registry.npmjs.org/rimraf/-/rimraf-2.5.1.tgz"},"maintainers":[{"name":"isaacs","email":"i@izs.me"}],"directories":{}},"2.5.2":{"name":"rimraf","version":"2.5.2","main":"rimraf.js","description":"A deep deletion module for node (like `rm -rf`)","author":{"name":"Isaac Z. Schlueter","email":"i@izs.me","url":"http://blog.izs.me/"},"license":"ISC","repository":{"type":"git","url":"git://github.com/isaacs/rimraf.git"},"scripts":{"test":"tap test/*.js"},"bin":{"rimraf":"./bin.js"},"dependencies":{"glob":"^7.0.0"},"files":["LICENSE","README.md","bin.js","rimraf.js"],"devDependencies":{"mkdirp":"^0.5.1","tap":"^5.1.1"},"gitHead":"f414f87021f88d004ac487eebc8d07ce6a152721","bugs":{"url":"https://github.com/isaacs/rimraf/issues"},"homepage":"https://github.com/isaacs/rimraf#readme","_id":"rimraf@2.5.2","_shasum":"62ba947fa4c0b4363839aefecd4f0fbad6059726","_from":".","_npmVersion":"3.7.0","_nodeVersion":"5.6.0","_npmUser":{"name":"isaacs","email":"i@izs.me"},"dist":{"shasum":"62ba947fa4c0b4363839aefecd4f0fbad6059726","tarball":"https://registry.npmjs.org/rimraf/-/rimraf-2.5.2.tgz"},"maintainers":[{"name":"isaacs","email":"i@izs.me"}],"_npmOperationalInternal":{"host":"packages-6-west.internal.npmjs.com","tmp":"tmp/rimraf-2.5.2.tgz_1455346499772_0.9326622514054179"},"directories":{}},"2.5.3":{"name":"rimraf","version":"2.5.3","main":"rimraf.js","description":"A deep deletion module for node (like `rm -rf`)","author":{"name":"Isaac Z. Schlueter","email":"i@izs.me","url":"http://blog.izs.me/"},"license":"ISC","repository":{"type":"git","url":"git://github.com/isaacs/rimraf.git"},"scripts":{"test":"tap test/*.js"},"bin":{"rimraf":"./bin.js"},"dependencies":{"glob":"^7.0.5"},"files":["LICENSE","README.md","bin.js","rimraf.js"],"devDependencies":{"mkdirp":"^0.5.1","tap":"^6.1.1"},"gitHead":"7263a784e8f08d94dd6caf6ee934fceb525a6f3d","bugs":{"url":"https://github.com/isaacs/rimraf/issues"},"homepage":"https://github.com/isaacs/rimraf#readme","_id":"rimraf@2.5.3","_shasum":"6e5efdda4aa2f03417f6b2a574aec29f4b652705","_from":".","_npmVersion":"3.10.2","_nodeVersion":"4.4.4","_npmUser":{"name":"isaacs","email":"i@izs.me"},"dist":{"shasum":"6e5efdda4aa2f03417f6b2a574aec29f4b652705","tarball":"https://registry.npmjs.org/rimraf/-/rimraf-2.5.3.tgz"},"maintainers":[{"name":"isaacs","email":"i@izs.me"}],"_npmOperationalInternal":{"host":"packages-16-east.internal.npmjs.com","tmp":"tmp/rimraf-2.5.3.tgz_1467582915019_0.6380921453237534"},"directories":{}},"2.5.4":{"name":"rimraf","version":"2.5.4","main":"rimraf.js","description":"A deep deletion module for node (like `rm -rf`)","author":{"name":"Isaac Z. Schlueter","email":"i@izs.me","url":"http://blog.izs.me/"},"license":"ISC","repository":{"type":"git","url":"git://github.com/isaacs/rimraf.git"},"scripts":{"test":"tap test/*.js"},"bin":{"rimraf":"./bin.js"},"dependencies":{"glob":"^7.0.5"},"files":["LICENSE","README.md","bin.js","rimraf.js"],"devDependencies":{"mkdirp":"^0.5.1","tap":"^6.1.1"},"gitHead":"2af08bbbd0a03549b278414309dc5d8097699443","bugs":{"url":"https://github.com/isaacs/rimraf/issues"},"homepage":"https://github.com/isaacs/rimraf#readme","_id":"rimraf@2.5.4","_shasum":"96800093cbf1a0c86bd95b4625467535c29dfa04","_from":".","_npmVersion":"3.10.6","_nodeVersion":"4.4.4","_npmUser":{"name":"isaacs","email":"i@izs.me"},"dist":{"shasum":"96800093cbf1a0c86bd95b4625467535c29dfa04","tarball":"https://registry.npmjs.org/rimraf/-/rimraf-2.5.4.tgz"},"maintainers":[{"name":"isaacs","email":"i@izs.me"}],"_npmOperationalInternal":{"host":"packages-16-east.internal.npmjs.com","tmp":"tmp/rimraf-2.5.4.tgz_1469206941888_0.8645927573088557"},"directories":{}},"2.6.0":{"name":"rimraf","version":"2.6.0","main":"rimraf.js","description":"A deep deletion module for node (like `rm -rf`)","author":{"name":"Isaac Z. Schlueter","email":"i@izs.me","url":"http://blog.izs.me/"},"license":"ISC","repository":{"type":"git","url":"git://github.com/isaacs/rimraf.git"},"scripts":{"test":"tap test/*.js"},"bin":{"rimraf":"./bin.js"},"dependencies":{"glob":"^7.0.5"},"files":["LICENSE","README.md","bin.js","rimraf.js"],"devDependencies":{"mkdirp":"^0.5.1","tap":"^10.1.2"},"gitHead":"5b661e45ff409d42251890cb1b993c9315803bbf","bugs":{"url":"https://github.com/isaacs/rimraf/issues"},"homepage":"https://github.com/isaacs/rimraf#readme","_id":"rimraf@2.6.0","_shasum":"89b8a0fe432b9ff9ec9a925a00b6cdb3a91bbada","_from":".","_npmVersion":"4.3.0","_nodeVersion":"8.0.0-pre","_npmUser":{"name":"isaacs","email":"i@izs.me"},"dist":{"shasum":"89b8a0fe432b9ff9ec9a925a00b6cdb3a91bbada","tarball":"https://registry.npmjs.org/rimraf/-/rimraf-2.6.0.tgz"},"maintainers":[{"name":"isaacs","email":"i@izs.me"}],"_npmOperationalInternal":{"host":"packages-12-west.internal.npmjs.com","tmp":"tmp/rimraf-2.6.0.tgz_1487455299128_0.33092148951254785"},"directories":{}},"2.6.1":{"name":"rimraf","version":"2.6.1","main":"rimraf.js","description":"A deep deletion module for node (like `rm -rf`)","author":{"name":"Isaac Z. Schlueter","email":"i@izs.me","url":"http://blog.izs.me/"},"license":"ISC","repository":{"type":"git","url":"git://github.com/isaacs/rimraf.git"},"scripts":{"test":"tap test/*.js"},"bin":{"rimraf":"./bin.js"},"dependencies":{"glob":"^7.0.5"},"files":["LICENSE","README.md","bin.js","rimraf.js"],"devDependencies":{"mkdirp":"^0.5.1","tap":"^10.1.2"},"gitHead":"d84fe2cc6646d30a401baadcee22ae105a2d4909","bugs":{"url":"https://github.com/isaacs/rimraf/issues"},"homepage":"https://github.com/isaacs/rimraf#readme","_id":"rimraf@2.6.1","_shasum":"c2338ec643df7a1b7fe5c54fa86f57428a55f33d","_from":".","_npmVersion":"4.3.0","_nodeVersion":"8.0.0-pre","_npmUser":{"name":"isaacs","email":"i@izs.me"},"dist":{"shasum":"c2338ec643df7a1b7fe5c54fa86f57428a55f33d","tarball":"https://registry.npmjs.org/rimraf/-/rimraf-2.6.1.tgz"},"maintainers":[{"name":"isaacs","email":"i@izs.me"}],"_npmOperationalInternal":{"host":"packages-18-east.internal.npmjs.com","tmp":"tmp/rimraf-2.6.1.tgz_1487908074285_0.8205490333493799"},"directories":{}},"2.6.2":{"name":"rimraf","version":"2.6.2","main":"rimraf.js","description":"A deep deletion module for node (like `rm -rf`)","author":{"name":"Isaac Z. Schlueter","email":"i@izs.me","url":"http://blog.izs.me/"},"license":"ISC","repository":{"type":"git","url":"git://github.com/isaacs/rimraf.git"},"scripts":{"test":"tap test/*.js"},"bin":{"rimraf":"./bin.js"},"dependencies":{"glob":"^7.0.5"},"files":["LICENSE","README.md","bin.js","rimraf.js"],"devDependencies":{"mkdirp":"^0.5.1","tap":"^10.1.2"},"gitHead":"79b933fb362b2c51bedfa448be848e1d7ed32d7e","bugs":{"url":"https://github.com/isaacs/rimraf/issues"},"homepage":"https://github.com/isaacs/rimraf#readme","_id":"rimraf@2.6.2","_npmVersion":"5.4.1","_nodeVersion":"8.4.0","_npmUser":{"name":"isaacs","email":"i@izs.me"},"dist":{"integrity":"sha512-lreewLK/BlghmxtfH36YYVg1i8IAce4TI7oao75I1g245+6BctqTVQiBP3YUJ9C6DQOXJmkYR9X9fCLtCOJc5w==","shasum":"2ed8150d24a16ea8651e6d6ef0f47c4158ce7a36","tarball":"https://registry.npmjs.org/rimraf/-/rimraf-2.6.2.tgz"},"maintainers":[{"name":"isaacs","email":"i@izs.me"}],"_npmOperationalInternal":{"host":"s3://npm-registry-packages","tmp":"tmp/rimraf-2.6.2.tgz_1505148366963_0.392012212658301"},"directories":{}}},"maintainers":[{"name":"isaacs","email":"i@izs.me"}],"time":{"modified":"2018-04-11T08:23:29.984Z","created":"2011-02-08T08:55:37.756Z","1.0.0":"2011-02-08T08:55:39.437Z","1.0.1":"2011-04-13T18:06:00.422Z","1.0.2":"2011-05-30T18:33:02.093Z","1.0.4":"2011-08-07T03:59:00.634Z","1.0.5":"2011-09-03T00:20:05.595Z","1.0.6":"2011-09-03T00:30:43.110Z","1.0.7":"2011-09-25T00:26:39.319Z","1.0.8":"2011-10-07T18:25:44.535Z","1.0.9":"2011-12-03T16:52:51.833Z","2.0.0":"2012-01-30T02:20:45.661Z","2.0.1":"2012-01-30T17:07:51.384Z","2.0.2":"2012-06-08T21:19:19.066Z","2.0.3":"2012-12-15T22:59:57.912Z","2.1.0":"2012-12-20T23:23:50.937Z","2.1.1":"2012-12-21T02:23:38.182Z","2.1.2":"2013-01-22T20:50:45.534Z","2.1.3":"2013-02-06T00:24:04.069Z","2.1.4":"2013-02-06T14:58:43.510Z","2.2.0":"2013-06-21T14:52:14.555Z","2.2.1":"2013-07-14T18:48:37.747Z","2.2.2":"2013-07-22T16:20:26.910Z","2.2.3":"2013-11-29T16:55:07.432Z","2.2.4":"2013-11-29T16:59:28.538Z","2.2.5":"2013-12-09T17:05:49.993Z","2.2.6":"2014-01-15T23:58:31.660Z","2.2.7":"2014-05-05T22:17:46.141Z","2.2.8":"2014-05-06T16:00:05.895Z","2.3.0":"2015-03-03T23:25:07.298Z","2.3.1":"2015-03-05T02:37:34.817Z","2.3.2":"2015-03-10T01:13:34.964Z","2.3.3":"2015-04-30T14:18:05.546Z","2.3.4":"2015-05-19T01:37:39.894Z","2.4.0":"2015-06-07T17:20:09.158Z","2.4.1":"2015-06-30T18:02:24.393Z","2.4.2":"2015-07-19T21:44:13.360Z","2.4.3":"2015-08-26T22:30:40.696Z","2.4.4":"2015-11-20T00:41:43.301Z","2.4.5":"2015-12-22T19:25:39.476Z","2.5.0":"2015-12-23T18:42:32.610Z","2.5.1":"2016-01-22T23:48:00.013Z","2.5.2":"2016-02-13T06:55:01.448Z","2.5.3":"2016-07-03T21:55:18.448Z","2.5.4":"2016-07-22T17:02:24.805Z","2.6.0":"2017-02-18T22:01:39.377Z","2.6.1":"2017-02-24T03:47:56.218Z","2.6.2":"2017-09-11T16:46:07.098Z"},"author":{"name":"Isaac Z. Schlueter","email":"i@izs.me","url":"http://blog.izs.me/"},"repository":{"type":"git","url":"git://github.com/isaacs/rimraf.git"},"users":{"285858315":true,"fgribreau":true,"jswartwood":true,"superjoe":true,"jpoehls":true,"jamesmgreene":true,"forbeslindesay":true,"mvolkmann":true,"pid":true,"oddjobsman":true,"manishrc":true,"esundahl":true,"coderaiser":true,"maxzhang":true,"jimnox":true,"kahboom":true,"tunnckocore":true,"fanchangyong":true,"kxbrand":true,"fill":true,"joreyaesh":true,"uipoet":true,"wengqianshan":true,"nfd":true,"phoenix-xsy":true,"yourhoneysky":true,"gdbtek":true,"alxe.master":true,"cellule":true,"jimster305":true,"ajduke":true,"phenome":true,"ignatovmsu":true,"pstoev":true,"jamescostian":true,"simplyianm":true,"schnittstabil":true,"itonyyo":true,"akiva":true,"mysticatea":true,"ruffle1986":true,"mikkoh":true,"russiansoon":true,"tunderdomb":true,"mkamayd":true,"isyara":true,"michaelnisi":true,"blakecscott":true,"lmhs":true,"mattms":true,"noyobo":true,"pensierinmusica":true,"wkaifang":true,"chicho":true,"etsit":true,"jits":true,"ifeature":true,"nice_body":true,"ash":true,"vishwasc":true,"johnym":true,"davequick":true,"webtobesocial":true,"aitorllj93":true,"qqqppp9998":true,"jonnymaceachern":true,"incendiary":true,"alectic":true,"thierrymarianne":true,"huangdawei":true,"rwhogg":true,"snowdream":true,"herreraemanuel":true,"jslite":true,"preco21":true,"wangnan0610":true,"affiction":true,"skullmasher":true,"redmonkeydf":true,"silentcloud":true,"staraple":true,"rossmartin":true,"restuta":true,"blade254353074":true,"edloidas":true,"bojand":true,"adrianvlupu":true,"cfleschhut":true,"kilkelly":true,"tobiasnickel":true,"leodutra":true,"thephilv":true,"a1ip":true,"kmck":true,"quocnguyen":true,"lshearer":true,"illuminator":true,"chris-me":true,"bpatel":true,"lucifier129":true,"liuchangyu":true,"nickeltobias":true,"roman-io":true,"morifen":true,"holyzfy":true,"octoo":true,"kirusha":true,"jruif":true,"dhampik":true,"netweb":true,"wukaidong":true,"jasonwang1888":true,"jiwaddell":true,"kontrax":true,"ackhub":true,"adammacias":true,"diwushi33":true,"sunnylost":true,"caesor":true,"micromax720":true,"dongxu":true,"abhisekp":true,"akmishra":true,"baraunaluciano":true,"finico":true,"cherenkevich":true,"malitov":true,"davidnyhuis":true,"filipecarmona":true,"iori20091101":true,"markthethomas":true,"fr-esco":true,"alantsuis":true,"cbetancourt":true,"sam16":true,"lianer":true,"ferrari":true,"jmsherry":true,"drewigg":true,"iandstanley":true,"diversen":true,"killparadise":true,"thotk":true,"hongz1125":true,"pines-cheng":true,"jian263994241":true,"jazzhuang":true,"leonardorb":true,"yoking":true,"fabrianibrahim":true,"rajivmehtajs":true,"stefano_magrassi":true,"aicest":true,"tdreitz":true,"amartelr":true,"narven":true,"monjer":true,"z1c0":true,"tmurngon":true,"wangfeia":true,"tedyhy":true,"mojaray2k":true,"deadcoder0904":true,"dzhou777":true,"xiaochao":true,"xujinnet":true,"langri-sha":true,"anhulife":true,"panos277":true,"broofa":true,"sunny_anna":true,"hellotoby":true,"manikantag":true,"gejiawen":true,"sallyone":true,"kasiriveni":true,"timwzou":true,"kudakv":true,"seangenabe":true,"lababygirl":true,"weerd":true,"wuuashen":true,"joris-van-der-wel":true,"coolhanddev":true,"glebec":true,"czj686001":true,"max_devjs":true,"zbussinger":true,"barzim":true,"bigslycat":true,"attl8d":true,"scytalezero":true,"monsterkodi":true,"yehudag":true,"morewry":true,"xueboren":true,"landen":true,"serge-nikitin":true,"shuoshubao":true,"xlsu":true,"madsummer":true,"yong_a":true,"junos":true,"alimaster":true,"ehrig":true,"darkfriend":true,"joaquin.briceno":true,"josokinas":true,"xfloops":true,"pablopap":true,"sadmansamee":true,"sinlovgmppt":true,"mrbgit":true,"azertypow":true,"enjoyharddrink":true,"stone_breaker":true,"tsxuehu":true,"dankle":true,"saadbinsaeed":true,"modood":true,"pmbenjamin":true,"sensui":true,"ricardogobbosouza":true,"npmlincq":true,"asaupup":true,"santhoshbabu":true,"warmhug":true,"nbuchanan":true,"land-melon":true,"octo-utils":true,"kulyk404":true,"jaeger":true,"philligan":true,"manten":true,"landy2014":true,"youngluo":true,"shaomingquan":true,"samar":true,"bengi":true,"thangakumar":true,"andrej-k":true,"bcoe":true,"lore-w":true,"stephan-v":true,"valeriistefanyk":true,"abhijitkalta":true,"laomu":true,"bianlongting":true,"d-band":true,"daniellink":true,"usex":true,"dm7":true,"yikuo":true,"diegohb":true,"yeming":true,"stone-jin":true,"johnstonbl01":true,"colin.wang":true,"magicxiao":true,"twinraven":true,"mrdain":true,"rhaynel":true,"jream":true,"axelrindle":true,"astraloverflow":true,"gurunate":true,"nuwaio":true,"fakefarm":true,"daizch":true,"dyakovk":true,"nilz3ro":true,"qddegtya":true,"shiva127":true,"rain-again":true,"ciro-maciel":true,"dwqs":true,"dnp1204":true,"archibinario":true,"ampcpmgp":true,"npmrud5g":true,"zuojiang":true,"hoanganh25991":true,"tdmalone":true,"neaker15668":true,"lomocc":true,"btoo":true,"ldq-first":true,"xtx1130":true,"allen_lyu":true,"agplan":true,"kkho595":true,"smtnkc":true,"sammy_winchester":true,"tztz":true,"arcticicestudio":true,"laoshaw":true,"chaoliu":true,"debashish":true,"youcp":true,"abuelwafa":true,"earthbound":true,"iotale":true,"rochejul":true,"nickgogan":true,"vincentlau":true,"coolhector":true,"zhenguo.zhao":true,"testabc":true,"lukeshiru":true,"ycjcl868":true,"balazserdos":true,"xiaobing":true,"alert1983":true,"jcmark":true,"hsiang":true,"maxblock":true,"josudoey":true},"readme":"[![Build Status](https://travis-ci.org/isaacs/rimraf.svg?branch=master)](https://travis-ci.org/isaacs/rimraf) [![Dependency Status](https://david-dm.org/isaacs/rimraf.svg)](https://david-dm.org/isaacs/rimraf) [![devDependency Status](https://david-dm.org/isaacs/rimraf/dev-status.svg)](https://david-dm.org/isaacs/rimraf#info=devDependencies)\n\nThe [UNIX command](http://en.wikipedia.org/wiki/Rm_(Unix)) `rm -rf` for node.\n\nInstall with `npm install rimraf`, or just drop rimraf.js somewhere.\n\n## API\n\n`rimraf(f, [opts], callback)`\n\nThe first parameter will be interpreted as a globbing pattern for files. If you\nwant to disable globbing you can do so with `opts.disableGlob` (defaults to\n`false`). This might be handy, for instance, if you have filenames that contain\nglobbing wildcard characters.\n\nThe callback will be called with an error if there is one.  Certain\nerrors are handled for you:\n\n* Windows: `EBUSY` and `ENOTEMPTY` - rimraf will back off a maximum of\n  `opts.maxBusyTries` times before giving up, adding 100ms of wait\n  between each attempt.  The default `maxBusyTries` is 3.\n* `ENOENT` - If the file doesn't exist, rimraf will return\n  successfully, since your desired outcome is already the case.\n* `EMFILE` - Since `readdir` requires opening a file descriptor, it's\n  possible to hit `EMFILE` if too many file descriptors are in use.\n  In the sync case, there's nothing to be done for this.  But in the\n  async case, rimraf will gradually back off with timeouts up to\n  `opts.emfileWait` ms, which defaults to 1000.\n\n## options\n\n* unlink, chmod, stat, lstat, rmdir, readdir,\n  unlinkSync, chmodSync, statSync, lstatSync, rmdirSync, readdirSync\n\n    In order to use a custom file system library, you can override\n    specific fs functions on the options object.\n\n    If any of these functions are present on the options object, then\n    the supplied function will be used instead of the default fs\n    method.\n\n    Sync methods are only relevant for `rimraf.sync()`, of course.\n\n    For example:\n\n    ```javascript\n    var myCustomFS = require('some-custom-fs')\n\n    rimraf('some-thing', myCustomFS, callback)\n    ```\n\n* maxBusyTries\n\n    If an `EBUSY`, `ENOTEMPTY`, or `EPERM` error code is encountered\n    on Windows systems, then rimraf will retry with a linear backoff\n    wait of 100ms longer on each try.  The default maxBusyTries is 3.\n\n    Only relevant for async usage.\n\n* emfileWait\n\n    If an `EMFILE` error is encountered, then rimraf will retry\n    repeatedly with a linear backoff of 1ms longer on each try, until\n    the timeout counter hits this max.  The default limit is 1000.\n\n    If you repeatedly encounter `EMFILE` errors, then consider using\n    [graceful-fs](http://npm.im/graceful-fs) in your program.\n\n    Only relevant for async usage.\n\n* glob\n\n    Set to `false` to disable [glob](http://npm.im/glob) pattern\n    matching.\n\n    Set to an object to pass options to the glob module.  The default\n    glob options are `{ nosort: true, silent: true }`.\n\n    Glob version 6 is used in this module.\n\n    Relevant for both sync and async usage.\n\n* disableGlob\n\n    Set to any non-falsey value to disable globbing entirely.\n    (Equivalent to setting `glob: false`.)\n\n## rimraf.sync\n\nIt can remove stuff synchronously, too.  But that's not so good.  Use\nthe async API.  It's better.\n\n## CLI\n\nIf installed with `npm install rimraf -g` it can be used as a global\ncommand `rimraf <path> [<path> ...]` which is useful for cross platform support.\n\n## mkdirp\n\nIf you need to create a directory recursively, check out\n[mkdirp](https://github.com/substack/node-mkdirp).\n","readmeFilename":"README.md","homepage":"https://github.com/isaacs/rimraf#readme","bugs":{"url":"https://github.com/isaacs/rimraf/issues"},"license":"ISC","_attachments":{},"_etag":"W/\"fc905ce05ed2a98e5f677d6398c9e879\"","_lastModified":"Sun, 27 May 2018 16:05:59 GMT"}