{"_id":"mute-stream","_rev":"21-edbbe4a9849dd9d09bb2ac56262163d4","name":"mute-stream","description":"Bytes go in, but they don't come out (when muted).","dist-tags":{"latest":"0.0.7"},"versions":{"0.0.1":{"name":"mute-stream","version":"0.0.1","main":"mute.js","directories":{"test":"test"},"devDependencies":{"tap":"~0.2.5"},"scripts":{"test":"tap test/*.js"},"repository":{"type":"git","url":"git://github.com/isaacs/mute-stream"},"keywords":["mute","stream","pipe"],"author":{"name":"Isaac Z. Schlueter","email":"i@izs.me","url":"http://blog.izs.me/"},"license":"BSD","description":"Bytes go in, but they don't come out (when muted).","_id":"mute-stream@0.0.1","dist":{"shasum":"8a60bfb9c7e669c458af0e173e0c52eecc20f068","tarball":"https://registry.npmjs.org/mute-stream/-/mute-stream-0.0.1.tgz"},"maintainers":[{"name":"isaacs","email":"i@izs.me"}]},"0.0.2":{"name":"mute-stream","version":"0.0.2","main":"mute.js","directories":{"test":"test"},"devDependencies":{"tap":"~0.2.5"},"scripts":{"test":"tap test/*.js"},"repository":{"type":"git","url":"git://github.com/isaacs/mute-stream"},"keywords":["mute","stream","pipe"],"author":{"name":"Isaac Z. Schlueter","email":"i@izs.me","url":"http://blog.izs.me/"},"license":"BSD","description":"Bytes go in, but they don't come out (when muted).","_id":"mute-stream@0.0.2","dist":{"shasum":"75d4466df24a57e80fec806bda88561cd0560d2d","tarball":"https://registry.npmjs.org/mute-stream/-/mute-stream-0.0.2.tgz"},"maintainers":[{"name":"isaacs","email":"i@izs.me"}]},"0.0.3":{"name":"mute-stream","version":"0.0.3","main":"mute.js","directories":{"test":"test"},"devDependencies":{"tap":"~0.2.5"},"scripts":{"test":"tap test/*.js"},"repository":{"type":"git","url":"git://github.com/isaacs/mute-stream"},"keywords":["mute","stream","pipe"],"author":{"name":"Isaac Z. Schlueter","email":"i@izs.me","url":"http://blog.izs.me/"},"license":"BSD","description":"Bytes go in, but they don't come out (when muted).","_id":"mute-stream@0.0.3","dist":{"shasum":"f09c090d333b3063f615cbbcca71b349893f0152","tarball":"https://registry.npmjs.org/mute-stream/-/mute-stream-0.0.3.tgz"},"_npmVersion":"1.1.49","_npmUser":{"name":"isaacs","email":"i@izs.me"},"maintainers":[{"name":"isaacs","email":"i@izs.me"}]},"0.0.4":{"name":"mute-stream","version":"0.0.4","main":"mute.js","directories":{"test":"test"},"devDependencies":{"tap":"~0.2.5"},"scripts":{"test":"tap test/*.js"},"repository":{"type":"git","url":"git://github.com/isaacs/mute-stream"},"keywords":["mute","stream","pipe"],"author":{"name":"Isaac Z. Schlueter","email":"i@izs.me","url":"http://blog.izs.me/"},"license":"BSD","description":"Bytes go in, but they don't come out (when muted).","bugs":{"url":"https://github.com/isaacs/mute-stream/issues"},"_id":"mute-stream@0.0.4","dist":{"shasum":"a9219960a6d5d5d046597aee51252c6655f7177e","tarball":"https://registry.npmjs.org/mute-stream/-/mute-stream-0.0.4.tgz"},"_from":".","_npmVersion":"1.3.4","_npmUser":{"name":"isaacs","email":"i@izs.me"},"maintainers":[{"name":"isaacs","email":"i@izs.me"}]},"0.0.5":{"name":"mute-stream","version":"0.0.5","main":"mute.js","directories":{"test":"test"},"devDependencies":{"tap":"~0.2.5"},"scripts":{"test":"tap test/*.js"},"repository":{"type":"git","url":"git://github.com/isaacs/mute-stream.git"},"keywords":["mute","stream","pipe"],"author":{"name":"Isaac Z. Schlueter","email":"i@izs.me","url":"http://blog.izs.me/"},"license":"ISC","description":"Bytes go in, but they don't come out (when muted).","gitHead":"17d9854a315f56088d039534f87b740e470a9af0","bugs":{"url":"https://github.com/isaacs/mute-stream/issues"},"homepage":"https://github.com/isaacs/mute-stream#readme","_id":"mute-stream@0.0.5","_shasum":"8fbfabb0a98a253d3184331f9e8deb7372fac6c0","_from":".","_npmVersion":"2.10.0","_nodeVersion":"2.0.1","_npmUser":{"name":"isaacs","email":"isaacs@npmjs.com"},"dist":{"shasum":"8fbfabb0a98a253d3184331f9e8deb7372fac6c0","tarball":"https://registry.npmjs.org/mute-stream/-/mute-stream-0.0.5.tgz"},"maintainers":[{"name":"isaacs","email":"i@izs.me"}]},"0.0.6":{"name":"mute-stream","version":"0.0.6","main":"mute.js","directories":{"test":"test"},"devDependencies":{"tap":"^1.2.0"},"scripts":{"test":"tap test/*.js"},"repository":{"type":"git","url":"git://github.com/isaacs/mute-stream.git"},"keywords":["mute","stream","pipe"],"author":{"name":"Isaac Z. Schlueter","email":"i@izs.me","url":"http://blog.izs.me/"},"license":"ISC","description":"Bytes go in, but they don't come out (when muted).","gitHead":"3c0b793839b923b8d8a86a3d07f70fa451e30348","bugs":{"url":"https://github.com/isaacs/mute-stream/issues"},"homepage":"https://github.com/isaacs/mute-stream#readme","_id":"mute-stream@0.0.6","_shasum":"48962b19e169fd1dfc240b3f1e7317627bbc47db","_from":".","_npmVersion":"3.7.0","_nodeVersion":"5.6.0","_npmUser":{"name":"isaacs","email":"i@izs.me"},"dist":{"shasum":"48962b19e169fd1dfc240b3f1e7317627bbc47db","tarball":"https://registry.npmjs.org/mute-stream/-/mute-stream-0.0.6.tgz"},"maintainers":[{"name":"isaacs","email":"i@izs.me"}],"_npmOperationalInternal":{"host":"packages-9-west.internal.npmjs.com","tmp":"tmp/mute-stream-0.0.6.tgz_1455343284080_0.04852168820798397"}},"0.0.7":{"name":"mute-stream","version":"0.0.7","main":"mute.js","directories":{"test":"test"},"devDependencies":{"tap":"^5.4.4"},"scripts":{"test":"tap test/*.js --cov"},"repository":{"type":"git","url":"git://github.com/isaacs/mute-stream.git"},"keywords":["mute","stream","pipe"],"author":{"name":"Isaac Z. Schlueter","email":"i@izs.me","url":"http://blog.izs.me/"},"license":"ISC","description":"Bytes go in, but they don't come out (when muted).","gitHead":"304d9f7b277175b03c5ae828c326a211e3139778","bugs":{"url":"https://github.com/isaacs/mute-stream/issues"},"homepage":"https://github.com/isaacs/mute-stream#readme","_id":"mute-stream@0.0.7","_shasum":"3075ce93bc21b8fab43e1bc4da7e8115ed1e7bab","_from":".","_npmVersion":"3.10.9","_nodeVersion":"8.0.0-pre","_npmUser":{"name":"isaacs","email":"i@izs.me"},"dist":{"shasum":"3075ce93bc21b8fab43e1bc4da7e8115ed1e7bab","tarball":"https://registry.npmjs.org/mute-stream/-/mute-stream-0.0.7.tgz"},"maintainers":[{"name":"iarna","email":"me@re-becca.org"},{"name":"isaacs","email":"i@izs.me"},{"name":"othiym23","email":"ogd@aoaioxxysz.net"},{"name":"zkat","email":"kat@sykosomatic.org"}],"_npmOperationalInternal":{"host":"packages-18-east.internal.npmjs.com","tmp":"tmp/mute-stream-0.0.7.tgz_1483483671377_0.22980716335587204"}}},"readme":"# mute-stream\n\nBytes go in, but they don't come out (when muted).\n\nThis is a basic pass-through stream, but when muted, the bytes are\nsilently dropped, rather than being passed through.\n\n## Usage\n\n```javascript\nvar MuteStream = require('mute-stream')\n\nvar ms = new MuteStream(options)\n\nms.pipe(process.stdout)\nms.write('foo') // writes 'foo' to stdout\nms.mute()\nms.write('bar') // does not write 'bar'\nms.unmute()\nms.write('baz') // writes 'baz' to stdout\n\n// can also be used to mute incoming data\nvar ms = new MuteStream\ninput.pipe(ms)\n\nms.on('data', function (c) {\n  console.log('data: ' + c)\n})\n\ninput.emit('data', 'foo') // logs 'foo'\nms.mute()\ninput.emit('data', 'bar') // does not log 'bar'\nms.unmute()\ninput.emit('data', 'baz') // logs 'baz'\n```\n\n## Options\n\nAll options are optional.\n\n* `replace` Set to a string to replace each character with the\n  specified string when muted.  (So you can show `****` instead of the\n  password, for example.)\n\n* `prompt` If you are using a replacement char, and also using a\n  prompt with a readline stream (as for a `Password: *****` input),\n  then specify what the prompt is so that backspace will work\n  properly.  Otherwise, pressing backspace will overwrite the prompt\n  with the replacement character, which is weird.\n\n## ms.mute()\n\nSet `muted` to `true`.  Turns `.write()` into a no-op.\n\n## ms.unmute()\n\nSet `muted` to `false`\n\n## ms.isTTY\n\nTrue if the pipe destination is a TTY, or if the incoming pipe source is\na TTY.\n\n## Other stream methods...\n\nThe other standard readable and writable stream methods are all\navailable.  The MuteStream object acts as a facade to its pipe source\nand destination.\n","maintainers":[{"email":"kzm@sykosomatic.org","name":"zkat"},{"email":"ogd@aoaioxxysz.net","name":"othiym23"},{"email":"me@re-becca.org","name":"iarna"},{"email":"i@izs.me","name":"isaacs"}],"time":{"modified":"2017-10-13T22:50:23.433Z","created":"2012-07-24T01:27:21.585Z","0.0.1":"2012-07-24T01:27:22.992Z","0.0.2":"2012-07-24T22:21:44.924Z","0.0.3":"2012-08-15T05:16:15.116Z","0.0.4":"2013-07-15T01:15:17.730Z","0.0.5":"2015-05-20T07:11:56.592Z","0.0.6":"2016-02-13T06:01:25.846Z","0.0.7":"2017-01-03T22:47:53.781Z"},"author":{"name":"Isaac Z. Schlueter","email":"i@izs.me","url":"http://blog.izs.me/"},"repository":{"type":"git","url":"git://github.com/isaacs/mute-stream.git"},"users":{"fgribreau":true,"sqrtthree":true},"homepage":"https://github.com/isaacs/mute-stream#readme","keywords":["mute","stream","pipe"],"bugs":{"url":"https://github.com/isaacs/mute-stream/issues"},"license":"ISC","readmeFilename":"README.md","_attachments":{},"_etag":"W/\"972970f5ddd69a1c8300e6b07d8de44d\"","_lastModified":"Sun, 27 May 2018 08:49:45 GMT"}