{"_id":"figures","_rev":"39-5c0aaf825c15ad740a3caedf3ffdf4c4","name":"figures","description":"Unicode symbols with Windows CMD fallbacks","dist-tags":{"latest":"2.0.0"},"versions":{"1.0.0":{"name":"figures","version":"1.0.0","description":"Unicode symbols with Windows CMD fallbacks","license":"MIT","repository":{"type":"git","url":"git://github.com/sindresorhus/figures"},"author":{"name":"Sindre Sorhus","email":"sindresorhus@gmail.com","url":"http://sindresorhus.com"},"engines":{"node":">=0.10.0"},"scripts":{"test":"node test.js"},"files":["index.js"],"keywords":["unicode","cli","cmd","command-line","characters","char","symbol","symbols","figure","figures","fallback"],"devDependencies":{"ava":"0.0.3"},"bugs":{"url":"https://github.com/sindresorhus/figures/issues"},"homepage":"https://github.com/sindresorhus/figures","_id":"figures@1.0.0","_shasum":"74dbe79ed7ca824014aaba2fe54f0f4e322d1305","_from":".","_npmVersion":"1.4.9","_npmUser":{"name":"sindresorhus","email":"sindresorhus@gmail.com"},"maintainers":[{"name":"sindresorhus","email":"sindresorhus@gmail.com"}],"dist":{"shasum":"74dbe79ed7ca824014aaba2fe54f0f4e322d1305","tarball":"https://registry.npmjs.org/figures/-/figures-1.0.0.tgz"},"directories":{}},"1.0.1":{"name":"figures","version":"1.0.1","description":"Unicode symbols with Windows CMD fallbacks","license":"MIT","repository":{"type":"git","url":"git://github.com/sindresorhus/figures"},"author":{"name":"Sindre Sorhus","email":"sindresorhus@gmail.com","url":"http://sindresorhus.com"},"engines":{"node":">=0.10.0"},"scripts":{"test":"node test.js"},"files":["index.js"],"keywords":["unicode","cli","cmd","command-line","characters","char","symbol","symbols","figure","figures","fallback"],"devDependencies":{"ava":"0.0.3"},"bugs":{"url":"https://github.com/sindresorhus/figures/issues"},"homepage":"https://github.com/sindresorhus/figures","_id":"figures@1.0.1","_shasum":"fd2b2c22eee2ac98419a7a8e395f967d771f1ed8","_from":".","_npmVersion":"1.4.9","_npmUser":{"name":"sindresorhus","email":"sindresorhus@gmail.com"},"maintainers":[{"name":"sindresorhus","email":"sindresorhus@gmail.com"}],"dist":{"shasum":"fd2b2c22eee2ac98419a7a8e395f967d771f1ed8","tarball":"https://registry.npmjs.org/figures/-/figures-1.0.1.tgz"},"directories":{}},"1.0.2":{"name":"figures","version":"1.0.2","description":"Unicode symbols with Windows CMD fallbacks","license":"MIT","repository":{"type":"git","url":"git://github.com/sindresorhus/figures"},"author":{"name":"Sindre Sorhus","email":"sindresorhus@gmail.com","url":"http://sindresorhus.com"},"engines":{"node":">=0.10.0"},"scripts":{"test":"node test.js"},"files":["index.js"],"keywords":["unicode","cli","cmd","command-line","characters","char","symbol","symbols","figure","figures","fallback"],"devDependencies":{"ava":"0.0.3"},"bugs":{"url":"https://github.com/sindresorhus/figures/issues"},"homepage":"https://github.com/sindresorhus/figures","_id":"figures@1.0.2","_shasum":"6dbe6cf4f1cdee0bef9683a3cb64bc6c049e36ce","_from":".","_npmVersion":"1.4.9","_npmUser":{"name":"sindresorhus","email":"sindresorhus@gmail.com"},"maintainers":[{"name":"sindresorhus","email":"sindresorhus@gmail.com"}],"dist":{"shasum":"6dbe6cf4f1cdee0bef9683a3cb64bc6c049e36ce","tarball":"https://registry.npmjs.org/figures/-/figures-1.0.2.tgz"},"directories":{}},"1.1.0":{"name":"figures","version":"1.1.0","description":"Unicode symbols with Windows CMD fallbacks","license":"MIT","repository":{"type":"git","url":"git://github.com/sindresorhus/figures"},"author":{"name":"Sindre Sorhus","email":"sindresorhus@gmail.com","url":"http://sindresorhus.com"},"engines":{"node":">=0.10.0"},"scripts":{"test":"node test.js"},"files":["index.js"],"keywords":["unicode","cli","cmd","command-line","characters","char","symbol","symbols","figure","figures","fallback"],"devDependencies":{"ava":"0.0.3"},"gitHead":"a484b488c54c0648d974c109088db30d5c960af8","bugs":{"url":"https://github.com/sindresorhus/figures/issues"},"homepage":"https://github.com/sindresorhus/figures","_id":"figures@1.1.0","_shasum":"804e77ddbbb861a6f8bf655958b71b29e719b2ad","_from":".","_npmVersion":"1.4.14","_npmUser":{"name":"sindresorhus","email":"sindresorhus@gmail.com"},"maintainers":[{"name":"sindresorhus","email":"sindresorhus@gmail.com"}],"dist":{"shasum":"804e77ddbbb861a6f8bf655958b71b29e719b2ad","tarball":"https://registry.npmjs.org/figures/-/figures-1.1.0.tgz"},"directories":{}},"1.2.0":{"name":"figures","version":"1.2.0","description":"Unicode symbols with Windows CMD fallbacks","license":"MIT","repository":{"type":"git","url":"git://github.com/sindresorhus/figures"},"author":{"name":"Sindre Sorhus","email":"sindresorhus@gmail.com","url":"http://sindresorhus.com"},"engines":{"node":">=0.10.0"},"scripts":{"test":"node test.js"},"files":["index.js"],"keywords":["unicode","cli","cmd","command-line","characters","char","symbol","symbols","figure","figures","fallback"],"devDependencies":{"ava":"0.0.3"},"gitHead":"075a160738575d54daffebb47452dd220d3c3822","bugs":{"url":"https://github.com/sindresorhus/figures/issues"},"homepage":"https://github.com/sindresorhus/figures","_id":"figures@1.2.0","_shasum":"b12932e8bdf5df10e17e03f33d8b0eb75a60455b","_from":".","_npmVersion":"1.4.14","_npmUser":{"name":"sindresorhus","email":"sindresorhus@gmail.com"},"maintainers":[{"name":"sindresorhus","email":"sindresorhus@gmail.com"}],"dist":{"shasum":"b12932e8bdf5df10e17e03f33d8b0eb75a60455b","tarball":"https://registry.npmjs.org/figures/-/figures-1.2.0.tgz"},"directories":{}},"1.3.0":{"name":"figures","version":"1.3.0","description":"Unicode symbols with Windows CMD fallbacks","license":"MIT","repository":{"type":"git","url":"git://github.com/sindresorhus/figures"},"author":{"name":"Sindre Sorhus","email":"sindresorhus@gmail.com","url":"http://sindresorhus.com"},"engines":{"node":">=0.10.0"},"scripts":{"test":"node test.js"},"files":["index.js"],"keywords":["unicode","cli","cmd","command-line","characters","char","symbol","symbols","figure","figures","fallback"],"devDependencies":{"ava":"0.0.3"},"gitHead":"5842c2c3e55ceae0d2ddfe4dd941ba2ef4a73a3b","bugs":{"url":"https://github.com/sindresorhus/figures/issues"},"homepage":"https://github.com/sindresorhus/figures","_id":"figures@1.3.0","_shasum":"c07d8553f8ab3b6d5e51edfce9d5597db4d1aeb2","_from":".","_npmVersion":"1.4.14","_npmUser":{"name":"sindresorhus","email":"sindresorhus@gmail.com"},"maintainers":[{"name":"sindresorhus","email":"sindresorhus@gmail.com"}],"dist":{"shasum":"c07d8553f8ab3b6d5e51edfce9d5597db4d1aeb2","tarball":"https://registry.npmjs.org/figures/-/figures-1.3.0.tgz"},"directories":{}},"1.3.1":{"name":"figures","version":"1.3.1","description":"Unicode symbols with Windows CMD fallbacks","license":"MIT","repository":{"type":"git","url":"git://github.com/sindresorhus/figures"},"author":{"name":"Sindre Sorhus","email":"sindresorhus@gmail.com","url":"http://sindresorhus.com"},"engines":{"node":">=0.10.0"},"scripts":{"test":"node test.js"},"files":["index.js"],"keywords":["unicode","cli","cmd","command-line","characters","char","symbol","symbols","figure","figures","fallback"],"devDependencies":{"ava":"0.0.3"},"gitHead":"725ac007969a18d0aa749f9512ec2bc76f4791a5","bugs":{"url":"https://github.com/sindresorhus/figures/issues"},"homepage":"https://github.com/sindresorhus/figures","_id":"figures@1.3.1","_shasum":"e959404afab82b9c0280beaa6d7850faac9e55b9","_from":".","_npmVersion":"1.4.14","_npmUser":{"name":"sindresorhus","email":"sindresorhus@gmail.com"},"maintainers":[{"name":"sindresorhus","email":"sindresorhus@gmail.com"}],"dist":{"shasum":"e959404afab82b9c0280beaa6d7850faac9e55b9","tarball":"https://registry.npmjs.org/figures/-/figures-1.3.1.tgz"},"directories":{}},"1.3.2":{"name":"figures","version":"1.3.2","description":"Unicode symbols with Windows CMD fallbacks","license":"MIT","repository":{"type":"git","url":"git://github.com/sindresorhus/figures"},"author":{"name":"Sindre Sorhus","email":"sindresorhus@gmail.com","url":"http://sindresorhus.com"},"engines":{"node":">=0.10.0"},"scripts":{"test":"node test.js"},"files":["index.js"],"keywords":["unicode","cli","cmd","command-line","characters","char","symbol","symbols","figure","figures","fallback"],"devDependencies":{"ava":"0.0.3"},"gitHead":"1ae7537f7f4b32cca9cae3af02668aeb6cec6e5f","bugs":{"url":"https://github.com/sindresorhus/figures/issues"},"homepage":"https://github.com/sindresorhus/figures","_id":"figures@1.3.2","_shasum":"3ea3915639485d960acff99810086c161db82051","_from":".","_npmVersion":"1.4.14","_npmUser":{"name":"sindresorhus","email":"sindresorhus@gmail.com"},"maintainers":[{"name":"sindresorhus","email":"sindresorhus@gmail.com"}],"dist":{"shasum":"3ea3915639485d960acff99810086c161db82051","tarball":"https://registry.npmjs.org/figures/-/figures-1.3.2.tgz"},"directories":{}},"1.3.3":{"name":"figures","version":"1.3.3","description":"Unicode symbols with Windows CMD fallbacks","license":"MIT","repository":{"type":"git","url":"https://github.com/sindresorhus/figures"},"author":{"name":"Sindre Sorhus","email":"sindresorhus@gmail.com","url":"http://sindresorhus.com"},"engines":{"node":">=0.10.0"},"scripts":{"test":"node test.js"},"files":["index.js"],"keywords":["unicode","cli","cmd","command-line","characters","char","symbol","symbols","figure","figures","fallback"],"devDependencies":{"ava":"0.0.3"},"gitHead":"28b3d3981564272502703da48c6a6a6cbb6e771b","bugs":{"url":"https://github.com/sindresorhus/figures/issues"},"homepage":"https://github.com/sindresorhus/figures","_id":"figures@1.3.3","_shasum":"a0952f9ba076e6be3dd5e2bad8e6a013c00d3d36","_from":".","_npmVersion":"1.4.23","_npmUser":{"name":"sindresorhus","email":"sindresorhus@gmail.com"},"maintainers":[{"name":"sindresorhus","email":"sindresorhus@gmail.com"}],"dist":{"shasum":"a0952f9ba076e6be3dd5e2bad8e6a013c00d3d36","tarball":"https://registry.npmjs.org/figures/-/figures-1.3.3.tgz"},"directories":{}},"1.3.4":{"name":"figures","version":"1.3.4","description":"Unicode symbols with Windows CMD fallbacks","license":"MIT","repository":{"type":"git","url":"https://github.com/sindresorhus/figures"},"author":{"name":"Sindre Sorhus","email":"sindresorhus@gmail.com","url":"http://sindresorhus.com"},"engines":{"node":">=0.10.0"},"scripts":{"test":"node test.js"},"files":["index.js"],"keywords":["unicode","cli","cmd","command-line","characters","char","symbol","symbols","figure","figures","fallback"],"devDependencies":{"ava":"0.0.3"},"gitHead":"d852c5cd2ba72eb9e3bf980721693e3541455cc7","bugs":{"url":"https://github.com/sindresorhus/figures/issues"},"homepage":"https://github.com/sindresorhus/figures","_id":"figures@1.3.4","_shasum":"ed73edbb22c7c4a09e31d8fac745cb9e34cbb131","_from":".","_npmVersion":"2.1.5","_nodeVersion":"0.10.32","_npmUser":{"name":"sindresorhus","email":"sindresorhus@gmail.com"},"maintainers":[{"name":"sindresorhus","email":"sindresorhus@gmail.com"}],"dist":{"shasum":"ed73edbb22c7c4a09e31d8fac745cb9e34cbb131","tarball":"https://registry.npmjs.org/figures/-/figures-1.3.4.tgz"},"directories":{}},"1.3.5":{"name":"figures","version":"1.3.5","description":"Unicode symbols with Windows CMD fallbacks","license":"MIT","repository":{"type":"git","url":"https://github.com/sindresorhus/figures"},"author":{"name":"Sindre Sorhus","email":"sindresorhus@gmail.com","url":"http://sindresorhus.com"},"engines":{"node":">=0.10.0"},"scripts":{"test":"node test.js"},"files":["index.js"],"keywords":["unicode","cli","cmd","command-line","characters","char","symbol","symbols","figure","figures","fallback"],"devDependencies":{"ava":"0.0.4"},"gitHead":"5dd6a2d3320c904b69e5d59ee9c5099fa1cd6f1e","bugs":{"url":"https://github.com/sindresorhus/figures/issues"},"homepage":"https://github.com/sindresorhus/figures","_id":"figures@1.3.5","_shasum":"d1a31f4e1d2c2938ecde5c06aa16134cf29f4771","_from":".","_npmVersion":"2.1.5","_nodeVersion":"0.10.32","_npmUser":{"name":"sindresorhus","email":"sindresorhus@gmail.com"},"maintainers":[{"name":"sindresorhus","email":"sindresorhus@gmail.com"}],"dist":{"shasum":"d1a31f4e1d2c2938ecde5c06aa16134cf29f4771","tarball":"https://registry.npmjs.org/figures/-/figures-1.3.5.tgz"},"directories":{}},"1.4.0":{"name":"figures","version":"1.4.0","description":"Unicode symbols with Windows CMD fallbacks","license":"MIT","repository":{"type":"git","url":"git+https://github.com/sindresorhus/figures.git"},"author":{"name":"Sindre Sorhus","email":"sindresorhus@gmail.com","url":"http://sindresorhus.com"},"engines":{"node":">=0.10.0"},"scripts":{"test":"node test.js"},"files":["index.js"],"keywords":["unicode","cli","cmd","command-line","characters","char","symbol","symbols","figure","figures","fallback"],"devDependencies":{"ava":"0.0.4"},"gitHead":"6b8b7482290192d6eeb3e80508f59ad33bc012f7","bugs":{"url":"https://github.com/sindresorhus/figures/issues"},"homepage":"https://github.com/sindresorhus/figures#readme","_id":"figures@1.4.0","_shasum":"eb8f56390dbe3081044a5c2a9d9089075a48432f","_from":".","_npmVersion":"2.14.3","_nodeVersion":"4.1.0","_npmUser":{"name":"sindresorhus","email":"sindresorhus@gmail.com"},"dist":{"shasum":"eb8f56390dbe3081044a5c2a9d9089075a48432f","tarball":"https://registry.npmjs.org/figures/-/figures-1.4.0.tgz"},"maintainers":[{"name":"sindresorhus","email":"sindresorhus@gmail.com"}],"directories":{}},"1.5.0":{"name":"figures","version":"1.5.0","description":"Unicode symbols with Windows CMD fallbacks","license":"MIT","repository":{"type":"git","url":"git+https://github.com/sindresorhus/figures.git"},"author":{"name":"Sindre Sorhus","email":"sindresorhus@gmail.com","url":"sindresorhus.com"},"engines":{"node":">=0.10.0"},"scripts":{"test":"xo && ava"},"files":["index.js"],"keywords":["unicode","cli","cmd","command-line","characters","char","symbol","symbols","figure","figures","fallback"],"devDependencies":{"ava":"*","xo":"*"},"gitHead":"0f0ec0620de08ed4e1b1ab7073cb2e1104c246e8","bugs":{"url":"https://github.com/sindresorhus/figures/issues"},"homepage":"https://github.com/sindresorhus/figures#readme","_id":"figures@1.5.0","_shasum":"56d8a0949c19643af764d573a648d384218da737","_from":".","_npmVersion":"3.6.0","_nodeVersion":"5.6.0","_npmUser":{"name":"sindresorhus","email":"sindresorhus@gmail.com"},"dist":{"shasum":"56d8a0949c19643af764d573a648d384218da737","tarball":"https://registry.npmjs.org/figures/-/figures-1.5.0.tgz"},"maintainers":[{"name":"sindresorhus","email":"sindresorhus@gmail.com"}],"_npmOperationalInternal":{"host":"packages-13-west.internal.npmjs.com","tmp":"tmp/figures-1.5.0.tgz_1458741326698_0.9015887144487351"},"directories":{}},"1.6.0":{"name":"figures","version":"1.6.0","description":"Unicode symbols with Windows CMD fallbacks","license":"MIT","repository":{"type":"git","url":"git+https://github.com/sindresorhus/figures.git"},"author":{"name":"Sindre Sorhus","email":"sindresorhus@gmail.com","url":"sindresorhus.com"},"engines":{"node":">=0.10.0"},"scripts":{"test":"xo && ava"},"files":["index.js"],"keywords":["unicode","cli","cmd","command-line","characters","char","symbol","symbols","figure","figures","fallback"],"devDependencies":{"ava":"*","xo":"*"},"gitHead":"0f57a46d38a1006e14106e3f9bb171dc7de606ea","bugs":{"url":"https://github.com/sindresorhus/figures/issues"},"homepage":"https://github.com/sindresorhus/figures#readme","_id":"figures@1.6.0","_shasum":"2b7d1ff8e2a0aa5a53da4710674d786658f3a88b","_from":".","_npmVersion":"2.15.0","_nodeVersion":"4.4.2","_npmUser":{"name":"sindresorhus","email":"sindresorhus@gmail.com"},"dist":{"shasum":"2b7d1ff8e2a0aa5a53da4710674d786658f3a88b","tarball":"https://registry.npmjs.org/figures/-/figures-1.6.0.tgz"},"maintainers":[{"name":"sindresorhus","email":"sindresorhus@gmail.com"}],"_npmOperationalInternal":{"host":"packages-12-west.internal.npmjs.com","tmp":"tmp/figures-1.6.0.tgz_1462902425247_0.8715272166300565"},"directories":{}},"1.7.0":{"name":"figures","version":"1.7.0","description":"Unicode symbols with Windows CMD fallbacks","license":"MIT","repository":{"type":"git","url":"git+https://github.com/sindresorhus/figures.git"},"author":{"name":"Sindre Sorhus","email":"sindresorhus@gmail.com","url":"sindresorhus.com"},"engines":{"node":">=0.10.0"},"scripts":{"test":"xo && ava","make":"./makefile.js"},"files":["index.js"],"keywords":["unicode","cli","cmd","command-line","characters","char","symbol","symbols","figure","figures","fallback"],"dependencies":{"escape-string-regexp":"^1.0.5","object-assign":"^4.1.0"},"devDependencies":{"ava":"*","markdown-table":"^0.4.0","require-uncached":"^1.0.2","xo":"*"},"gitHead":"f5f4e3d6cccf84f2ca13d9e6b235def59afc15f7","bugs":{"url":"https://github.com/sindresorhus/figures/issues"},"homepage":"https://github.com/sindresorhus/figures#readme","_id":"figures@1.7.0","_shasum":"cbe1e3affcf1cd44b80cadfed28dc793a9701d2e","_from":".","_npmVersion":"2.15.0","_nodeVersion":"4.4.2","_npmUser":{"name":"sindresorhus","email":"sindresorhus@gmail.com"},"dist":{"shasum":"cbe1e3affcf1cd44b80cadfed28dc793a9701d2e","tarball":"https://registry.npmjs.org/figures/-/figures-1.7.0.tgz"},"maintainers":[{"name":"sindresorhus","email":"sindresorhus@gmail.com"}],"_npmOperationalInternal":{"host":"packages-12-west.internal.npmjs.com","tmp":"tmp/figures-1.7.0.tgz_1463504380148_0.06917169434018433"},"directories":{}},"2.0.0":{"name":"figures","version":"2.0.0","description":"Unicode symbols with Windows CMD fallbacks","license":"MIT","repository":{"type":"git","url":"git+https://github.com/sindresorhus/figures.git"},"author":{"name":"Sindre Sorhus","email":"sindresorhus@gmail.com","url":"sindresorhus.com"},"engines":{"node":">=4"},"scripts":{"test":"xo && ava","make":"./makefile.js"},"files":["index.js"],"keywords":["unicode","cli","cmd","command-line","characters","char","symbol","symbols","figure","figures","fallback"],"dependencies":{"escape-string-regexp":"^1.0.5"},"devDependencies":{"ava":"*","markdown-table":"^1.0.0","require-uncached":"^1.0.2","xo":"*"},"xo":{"esnext":true},"gitHead":"fee8887d9f776798ae87ff54386443273c92ad97","bugs":{"url":"https://github.com/sindresorhus/figures/issues"},"homepage":"https://github.com/sindresorhus/figures#readme","_id":"figures@2.0.0","_shasum":"3ab1a2d2a62c8bfb431a0c94cb797a2fce27c962","_from":".","_npmVersion":"2.15.9","_nodeVersion":"4.6.0","_npmUser":{"name":"sindresorhus","email":"sindresorhus@gmail.com"},"dist":{"shasum":"3ab1a2d2a62c8bfb431a0c94cb797a2fce27c962","tarball":"https://registry.npmjs.org/figures/-/figures-2.0.0.tgz"},"maintainers":[{"name":"sindresorhus","email":"sindresorhus@gmail.com"}],"_npmOperationalInternal":{"host":"packages-12-west.internal.npmjs.com","tmp":"tmp/figures-2.0.0.tgz_1476763139845_0.48903139564208686"},"directories":{}}},"readme":"# figures [![Build Status: Linux](https://travis-ci.org/sindresorhus/figures.svg?branch=master)](https://travis-ci.org/sindresorhus/figures) [![Build status: Windows](https://ci.appveyor.com/api/projects/status/mb743hl70269be3r/branch/master?svg=true)](https://ci.appveyor.com/project/sindresorhus/figures/branch/master)\n\n> Unicode symbols with Windows CMD fallbacks\n\n[![](screenshot.png)](index.js)\n\n[*and more...*](index.js)\n\nWindows CMD only supports a [limited character set](http://en.wikipedia.org/wiki/Code_page_437).\n\n\n## Install\n\n```\n$ npm install --save figures\n```\n\n\n## Usage\n\nSee the [source](index.js) for supported symbols.\n\n```js\nconst figures = require('figures');\n\nconsole.log(figures('✔︎ check'));\n// On real OSes:  ✔︎ check\n// On Windows:    √ check\n\nconsole.log(figures.tick);\n// On real OSes:  ✔︎\n// On Windows:    √\n```\n\n\n## API\n\n### figures(input)\n\nReturns the input with replaced fallback unicode symbols on Windows.\n\nAll the below [figures](#figures) are attached to the main export as shown in the example above.\n\n#### input\n\nType: `string`\n\nString where the unicode symbols will be replaced with fallback symbols depending on the OS.\n\n\n## Figures\n\n| Name               | Real OSes | Windows |\n| ------------------ | :-------: | :-----: |\n| tick               |     ✔     |    √    |\n| cross              |     ✖     |    ×    |\n| star               |     ★     |    *    |\n| square             |     ▇     |    █    |\n| squareSmall        |     ◻     |   [ ]   |\n| squareSmallFilled  |     ◼     |   [█]   |\n| play               |     ▶     |    ►    |\n| circle             |     ◯     |   ( )   |\n| circleFilled       |     ◉     |   (*)   |\n| circleDotted       |     ◌     |   ( )   |\n| circleDouble       |     ◎     |   ( )   |\n| circleCircle       |     ⓞ     |   (○)   |\n| circleCross        |     ⓧ     |   (×)   |\n| circlePipe         |     Ⓘ     |   (│)   |\n| circleQuestionMark |     ?⃝    |   (?)   |\n| bullet             |     ●     |    *    |\n| dot                |     ․     |    .    |\n| line               |     ─     |    ─    |\n| ellipsis           |     …     |   ...   |\n| pointer            |     ❯     |    >    |\n| pointerSmall       |     ›     |    »    |\n| info               |     ℹ     |    i    |\n| warning            |     ⚠     |    ‼    |\n| hamburger          |     ☰     |    ≡    |\n| smiley             |     ㋡     |    ☺    |\n| mustache           |     ෴     |   ┌─┐   |\n| heart              |     ♥     |    ♥    |\n| arrowUp            |     ↑     |    ↑    |\n| arrowDown          |     ↓     |    ↓    |\n| arrowLeft          |     ←     |    ←    |\n| arrowRight         |     →     |    →    |\n| radioOn            |     ◉     |   (*)   |\n| radioOff           |     ◯     |   ( )   |\n| checkboxOn         |     ☒     |   [×]   |\n| checkboxOff        |     ☐     |   [ ]   |\n| checkboxCircleOn   |     ⓧ     |   (×)   |\n| checkboxCircleOff  |     Ⓘ     |   ( )   |\n| questionMarkPrefix |     ?⃝    |    ？    |\n| oneHalf            |     ½     |   1/2   |\n| oneThird           |     ⅓     |   1/3   |\n| oneQuarter         |     ¼     |   1/4   |\n| oneFifth           |     ⅕     |   1/5   |\n| oneSixth           |     ⅙     |   1/6   |\n| oneSeventh         |     ⅐     |   1/7   |\n| oneEighth          |     ⅛     |   1/8   |\n| oneNinth           |     ⅑     |   1/9   |\n| oneTenth           |     ⅒     |   1/10  |\n| twoThirds          |     ⅔     |   2/3   |\n| twoFifths          |     ⅖     |   2/5   |\n| threeQuarters      |     ¾     |   3/4   |\n| threeFifths        |     ⅗     |   3/5   |\n| threeEighths       |     ⅜     |   3/8   |\n| fourFifths         |     ⅘     |   4/5   |\n| fiveSixths         |     ⅚     |   5/6   |\n| fiveEighths        |     ⅝     |   5/8   |\n| sevenEighths       |     ⅞     |   7/8   |\n\n\n## Related\n\n- [log-symbols](https://github.com/sindresorhus/log-symbols) - Colored symbols for various log levels\n\n\n## License\n\nMIT © [Sindre Sorhus](https://sindresorhus.com)\n","maintainers":[{"name":"sindresorhus","email":"sindresorhus@gmail.com"}],"time":{"modified":"2018-05-18T07:13:35.815Z","created":"2014-07-10T00:04:05.751Z","1.0.0":"2014-07-10T00:04:05.751Z","1.0.1":"2014-07-10T01:24:24.708Z","1.0.2":"2014-07-10T12:52:08.648Z","1.1.0":"2014-08-04T21:02:32.648Z","1.2.0":"2014-08-12T20:05:01.204Z","1.3.0":"2014-08-15T17:21:51.536Z","1.3.1":"2014-08-15T17:30:33.949Z","1.3.2":"2014-08-15T19:17:55.499Z","1.3.3":"2014-09-12T20:37:19.259Z","1.3.4":"2014-11-16T07:25:44.080Z","1.3.5":"2014-11-18T16:05:06.141Z","1.4.0":"2015-09-18T05:08:38.914Z","1.5.0":"2016-03-23T13:55:27.255Z","1.6.0":"2016-05-10T17:47:05.711Z","1.7.0":"2016-05-17T16:59:40.776Z","2.0.0":"2016-10-18T03:59:00.091Z"},"homepage":"https://github.com/sindresorhus/figures#readme","keywords":["unicode","cli","cmd","command-line","characters","char","symbol","symbols","figure","figures","fallback"],"repository":{"type":"git","url":"git+https://github.com/sindresorhus/figures.git"},"author":{"name":"Sindre Sorhus","email":"sindresorhus@gmail.com","url":"sindresorhus.com"},"bugs":{"url":"https://github.com/sindresorhus/figures/issues"},"license":"MIT","readmeFilename":"readme.md","users":{"kikobeats":true,"program247365":true,"vyder":true,"allain":true,"gvn":true,"ahmed-dinar":true,"tommytroylin":true,"robmcguinness":true,"heartnett":true,"irae":true,"karzanosman984":true,"arcticicestudio":true},"_attachments":{},"_etag":"W/\"a6ca457b2d3c926dc46b1d0e680722bd\"","_lastModified":"Sun, 27 May 2018 00:38:15 GMT"}