{"_id":"ssh-config","_rev":"10-748656d8053df983f4649472aa086fa2","name":"ssh-config","description":"SSH config parser and stringifier","dist-tags":{"latest":"1.1.3"},"versions":{"0.1.0":{"name":"ssh-config","description":"SSH config parser and stringifier","version":"0.1.0","author":{"name":"dotnil","email":"jakeplus@gmail.com"},"repository":{"type":"git","url":"git@github.com:dotnil/ssh-config.git"},"devDependencies":{"expect.js":"~0.3.1","mocha":"~2.1.0"},"scripts":{"test":"mocha test/**/*.js"},"gitHead":"aa75c1e2cdb8526e900fa296536325dd4c1d8698","bugs":{"url":"https://github.com/dotnil/ssh-config/issues"},"homepage":"https://github.com/dotnil/ssh-config","_id":"ssh-config@0.1.0","_shasum":"23c2b7f0e8977a07667726c824fe6eb6e78c156f","_from":".","_npmVersion":"1.4.23","_npmUser":{"name":"dotnil","email":"jakeplus@gmail.com"},"maintainers":[{"name":"dotnil","email":"jakeplus@gmail.com"}],"dist":{"shasum":"23c2b7f0e8977a07667726c824fe6eb6e78c156f","tarball":"https://registry.npmjs.org/ssh-config/-/ssh-config-0.1.0.tgz"},"directories":{}},"0.2.0":{"name":"ssh-config","description":"SSH config parser and stringifier","version":"0.2.0","author":{"name":"dotnil","email":"jakeplus@gmail.com"},"repository":{"type":"git","url":"git@github.com:dotnil/ssh-config.git"},"devDependencies":{"expect.js":"~0.3.1","heredoc":"~1.3.1","istanbul":"^0.3.17","mocha":"~2.1.0"},"scripts":{"test":"mocha test/**/*.js","cover":"istanbul cover _mocha -- test/test.*.js -R spec"},"license":"MIT","gitHead":"e911f4e3c60ba30c4c0d9f226df40da25541f07c","bugs":{"url":"https://github.com/dotnil/ssh-config/issues"},"homepage":"https://github.com/dotnil/ssh-config","_id":"ssh-config@0.2.0","_shasum":"9d617b2121365670cbda48ea13da4ebd001e0deb","_from":".","_npmVersion":"2.7.4","_nodeVersion":"0.12.2","_npmUser":{"name":"dotnil","email":"jakeplus@gmail.com"},"maintainers":[{"name":"dotnil","email":"jakeplus@gmail.com"}],"dist":{"shasum":"9d617b2121365670cbda48ea13da4ebd001e0deb","tarball":"https://registry.npmjs.org/ssh-config/-/ssh-config-0.2.0.tgz"},"directories":{}},"0.2.1":{"name":"ssh-config","description":"SSH config parser and stringifier","version":"0.2.1","author":{"name":"dotnil","email":"jakeplus@gmail.com"},"repository":{"type":"git","url":"git@github.com:dotnil/ssh-config.git"},"devDependencies":{"expect.js":"~0.3.1","heredoc":"~1.3.1","istanbul":"^0.3.17","mocha":"~2.1.0"},"scripts":{"test":"mocha test/**/*.js","cover":"istanbul cover _mocha -- test/test.*.js -R spec"},"license":"MIT","gitHead":"141ecfd45a0666e3898d8b8f172e1bbade3bc852","bugs":{"url":"https://github.com/dotnil/ssh-config/issues"},"homepage":"https://github.com/dotnil/ssh-config","_id":"ssh-config@0.2.1","_shasum":"6caa5257db7302c3f1dc4c9ffac0f0b7c0fdcfad","_from":".","_npmVersion":"2.11.3","_nodeVersion":"0.12.7","_npmUser":{"name":"dotnil","email":"jakeplus@gmail.com"},"maintainers":[{"name":"dotnil","email":"jakeplus@gmail.com"}],"dist":{"shasum":"6caa5257db7302c3f1dc4c9ffac0f0b7c0fdcfad","tarball":"https://registry.npmjs.org/ssh-config/-/ssh-config-0.2.1.tgz"},"directories":{}},"1.0.0":{"name":"ssh-config","description":"SSH config parser and stringifier","version":"1.0.0","author":{"name":"dotnil","email":"jakeplus@gmail.com"},"repository":{"type":"git","url":"git+ssh://git@github.com/dotnil/ssh-config.git"},"devDependencies":{"expect.js":"~0.3.1","heredoc":"~1.3.1","istanbul":"^0.3.17","mocha":"~2.1.0"},"scripts":{"test":"mocha test/**/*.js","cover":"istanbul cover _mocha -- test/test.*.js -R spec"},"engine":{"node":">= 4.0.0"},"license":"MIT","gitHead":"6e0e29027617980bbf00d18ef27f8298cc5cc140","bugs":{"url":"https://github.com/dotnil/ssh-config/issues"},"homepage":"https://github.com/dotnil/ssh-config#readme","_id":"ssh-config@1.0.0","_shasum":"00a3dfa86d1d148755203c02b1d4b52bbe9be8c6","_from":".","_npmVersion":"2.15.1","_nodeVersion":"4.4.3","_npmUser":{"name":"dotnil","email":"jakeplus@gmail.com"},"maintainers":[{"name":"dotnil","email":"jakeplus@gmail.com"}],"dist":{"shasum":"00a3dfa86d1d148755203c02b1d4b52bbe9be8c6","tarball":"https://registry.npmjs.org/ssh-config/-/ssh-config-1.0.0.tgz"},"_npmOperationalInternal":{"host":"packages-16-east.internal.npmjs.com","tmp":"tmp/ssh-config-1.0.0.tgz_1462434058413_0.9828964697662741"},"directories":{}},"1.0.1":{"name":"ssh-config","description":"SSH config parser and stringifier","version":"1.0.1","author":{"name":"dotnil","email":"jakeplus@gmail.com"},"repository":{"type":"git","url":"git+ssh://git@github.com/dotnil/ssh-config.git"},"devDependencies":{"expect.js":"~0.3.1","heredoc":"~1.3.1","istanbul":"^0.3.17","mocha":"~2.1.0"},"scripts":{"test":"mocha test/**/*.js","cover":"istanbul cover _mocha -- test/test.*.js -R spec"},"engine":{"node":">= 4.0.0"},"license":"MIT","gitHead":"d8b250b4987c70d7480f019475430300c1c0ad7e","bugs":{"url":"https://github.com/dotnil/ssh-config/issues"},"homepage":"https://github.com/dotnil/ssh-config#readme","_id":"ssh-config@1.0.1","_shasum":"38742116dced7d45f5362ca86af77130ccbebc8b","_from":".","_npmVersion":"3.10.8","_nodeVersion":"6.9.1","_npmUser":{"name":"dotnil","email":"jakeplus@gmail.com"},"maintainers":[{"name":"dotnil","email":"jakeplus@gmail.com"}],"dist":{"shasum":"38742116dced7d45f5362ca86af77130ccbebc8b","tarball":"https://registry.npmjs.org/ssh-config/-/ssh-config-1.0.1.tgz"},"_npmOperationalInternal":{"host":"packages-18-east.internal.npmjs.com","tmp":"tmp/ssh-config-1.0.1.tgz_1486369840388_0.8063528868369758"},"directories":{}},"1.1.0":{"name":"ssh-config","description":"SSH config parser and stringifier","version":"1.1.0","author":{"name":"dotnil","email":"jakeplus@gmail.com"},"repository":{"type":"git","url":"git+ssh://git@github.com/dotnil/ssh-config.git"},"devDependencies":{"expect.js":"^0.3.1","heredoc":"^1.3.1","istanbul":"^0.4.5","mocha":"^3.5.0"},"scripts":{"test":"mocha test/**/*.js","cover":"istanbul cover _mocha -- test/test.*.js -R spec"},"engine":{"node":">= 6.0.0"},"license":"MIT","gitHead":"a529618c18794d2765bbf54d9f21eb3bf52c25c5","bugs":{"url":"https://github.com/dotnil/ssh-config/issues"},"homepage":"https://github.com/dotnil/ssh-config#readme","_id":"ssh-config@1.1.0","_shasum":"bbc7f92204a385b5dececec8f8b63be9c125079b","_from":".","_npmVersion":"3.10.10","_nodeVersion":"6.9.5","_npmUser":{"name":"dotnil","email":"jakeplus@gmail.com"},"dist":{"shasum":"bbc7f92204a385b5dececec8f8b63be9c125079b","tarball":"https://registry.npmjs.org/ssh-config/-/ssh-config-1.1.0.tgz"},"maintainers":[{"name":"dotnil","email":"jakeplus@gmail.com"}],"_npmOperationalInternal":{"host":"s3://npm-registry-packages","tmp":"tmp/ssh-config-1.1.0.tgz_1504751244543_0.6355244000442326"},"directories":{}},"1.1.1":{"name":"ssh-config","description":"SSH config parser and stringifier","version":"1.1.1","author":{"name":"dotnil","email":"jakeplus@gmail.com"},"repository":{"type":"git","url":"git+ssh://git@github.com/dotnil/ssh-config.git"},"devDependencies":{"expect.js":"^0.3.1","heredoc":"^1.3.1","istanbul":"^0.4.5","mocha":"^3.5.0"},"scripts":{"test":"mocha test/**/*.js","cover":"istanbul cover _mocha -- test/test.*.js -R spec"},"engine":{"node":">= 6.0.0"},"license":"MIT","gitHead":"1d61f65086b3ae1feae9206d4b6080ae854ee491","bugs":{"url":"https://github.com/dotnil/ssh-config/issues"},"homepage":"https://github.com/dotnil/ssh-config#readme","_id":"ssh-config@1.1.1","_npmVersion":"5.3.0","_nodeVersion":"8.4.0","_npmUser":{"name":"dotnil","email":"jakeplus@gmail.com"},"dist":{"integrity":"sha512-ZKqLWbqUrMRFZPL6TAXWbRhY6yG64xh18OzfhOyOpJYrMVq4S0WTxGcer4KRf1c1vFKOc+4kO0bXzgpZsS6kyA==","shasum":"fee0d7b50cbd04d7726085e32f26c81dab8e6acb","tarball":"https://registry.npmjs.org/ssh-config/-/ssh-config-1.1.1.tgz"},"maintainers":[{"name":"dotnil","email":"jakeplus@gmail.com"}],"_npmOperationalInternal":{"host":"s3://npm-registry-packages","tmp":"tmp/ssh-config-1.1.1.tgz_1505271380183_0.5128075242973864"},"directories":{}},"1.1.2":{"name":"ssh-config","description":"SSH config parser and stringifier","version":"1.1.2","author":{"name":"dotnil","email":"jakeplus@gmail.com"},"repository":{"type":"git","url":"git+ssh://git@github.com/dotnil/ssh-config.git"},"devDependencies":{"expect.js":"^0.3.1","heredoc":"^1.3.1","istanbul":"^0.4.5","mocha":"^3.5.0"},"scripts":{"test":"mocha test/**/*.js","cover":"istanbul cover _mocha -- test/test.*.js -R spec"},"engine":{"node":">= 6.0.0"},"license":"MIT","gitHead":"7cbbaa6c46e442501853f26da824623195a0fa42","bugs":{"url":"https://github.com/dotnil/ssh-config/issues"},"homepage":"https://github.com/dotnil/ssh-config#readme","_id":"ssh-config@1.1.2","_shasum":"ae65590f276b8e259ec814551f7667c141f817e9","_from":".","_npmVersion":"3.10.10","_nodeVersion":"6.11.3","_npmUser":{"name":"dotnil","email":"jakeplus@gmail.com"},"dist":{"shasum":"ae65590f276b8e259ec814551f7667c141f817e9","tarball":"https://registry.npmjs.org/ssh-config/-/ssh-config-1.1.2.tgz"},"maintainers":[{"name":"dotnil","email":"jakeplus@gmail.com"}],"_npmOperationalInternal":{"host":"s3://npm-registry-packages","tmp":"tmp/ssh-config-1.1.2.tgz_1506077787226_0.3079284504055977"},"directories":{}},"1.1.3":{"name":"ssh-config","description":"SSH config parser and stringifier","version":"1.1.3","author":{"name":"dotnil","email":"jakeplus@gmail.com"},"repository":{"type":"git","url":"git+ssh://git@github.com/dotnil/ssh-config.git"},"devDependencies":{"expect.js":"^0.3.1","heredoc":"^1.3.1","istanbul":"^0.4.5","mocha":"^3.5.0"},"scripts":{"test":"mocha test/**/*.js","cover":"istanbul cover _mocha -- test/test.*.js -R spec"},"engine":{"node":">= 6.0.0"},"license":"MIT","gitHead":"fae217eef0575f503559dc71d1fafec43b9091a7","bugs":{"url":"https://github.com/dotnil/ssh-config/issues"},"homepage":"https://github.com/dotnil/ssh-config#readme","_id":"ssh-config@1.1.3","_shasum":"2b19630af85b1666688b9d68f6e4218900f81f8c","_from":".","_npmVersion":"3.10.10","_nodeVersion":"6.11.3","_npmUser":{"name":"dotnil","email":"jakeplus@gmail.com"},"dist":{"shasum":"2b19630af85b1666688b9d68f6e4218900f81f8c","tarball":"https://registry.npmjs.org/ssh-config/-/ssh-config-1.1.3.tgz"},"maintainers":[{"name":"dotnil","email":"jakeplus@gmail.com"}],"_npmOperationalInternal":{"host":"s3://npm-registry-packages","tmp":"tmp/ssh-config-1.1.3.tgz_1506310336823_0.9356912262737751"},"directories":{}}},"readme":"# SSH Config Parser & Stringifier\n\n[![NPM Downloads](https://img.shields.io/npm/dm/ssh-config.svg?style=flat)](https://www.npmjs.com/package/ssh-config)\n[![NPM Version](http://img.shields.io/npm/v/ssh-config.svg?style=flat)](https://www.npmjs.com/package/ssh-config)\n[![Build Status](https://travis-ci.org/dotnil/ssh-config.svg)](https://travis-ci.org/dotnil/ssh-config)\n\n\n## Usage\n\n```js\nconst SSHConfig = require('ssh-config')\n\nconst config = SSHConfig.parse(`\n  IdentityFile ~/.ssh/id_rsa\n\n  Host tahoe\n    HostName tahoe.com\n\n  Host walden\n    HostName waldenlake.org\n\n  Host *\n    User keanu\n    ForwardAgent true\n`)\n\nexpect(config).to.sql(\n  [ { \"param\": \"IdentityFile\",\n      \"value\": \"~/.ssh/id_rsa\" },\n    { \"param\": \"Host\",\n      \"value\": \"tahoe\",\n      \"config\":\n        [ { \"param\": \"HostName\",\n            \"value\": \"tahoe.com\" } ] },\n    { \"param\": \"Host\",\n      \"value\": \"walden\",\n      \"config\":\n        [ { \"param\": \"HostName\",\n            \"value\": \"waldenlake.org\" } ] },\n    { \"param\": \"Host\",\n      \"value\": \"*\",\n      \"config\":\n        [ { \"param\": \"User\",\n            \"value\": \"keanu\" },\n          { \"param\": \"ForwardAgent\",\n            \"value\": \"true\" } ] } ]\n)\n\n// Change the HostName in the Host walden section\nconst section = config.find({ Host: 'walden' })\n\nfor (const line of section.config) {\n  if (line.param === 'HostName') {\n    line.value = 'waldenlake.org'\n    break\n  }\n}\n\n// The original whitespaces and comments are preserved.\nconsole.log(SSHConfig.stringify(config))\n```\n\n\n### Iterating Sections\n\nOne needs to iterate over ssh configs mostly because of two reasons.\n\n- to `.find` the corresponding section and modify it, or\n- to `.compute` the ssh config about certain `Host`.\n\n\n### `.compute` Parameters by Host\n\nYou can use `config.compute` method to compute applied parameters of certain host.\n\n```js\nexpect(config.compute('walden')).to.eql({\n  IdentityFile: [\n    '~/.ssh/id_rsa'\n  ],\n  Host: 'walden',\n  HostName: 'waldenlake.org',\n  User: 'nil',\n  ForwardAgent: 'true'\n})\n```\n\n**NOTICE** According to [ssh_config(5)][ssh_config], the first obtained\nparameter value will be used. So we cannot override existing parameters. It is\nsuggested that the general settings shall be at the end of your config file.\n\nThe `IdentityFile` parameter always contain an array to make possible multiple\n`IdentityFile` settings to be able to coexist.\n\n\n### `.find` sections by Host or Match\n\n**NOTICE**: This method is provided to find the corresponding section in the\nparsed config for config manipulation. It is NOT intended to compute config\nof certain Host. For latter case, use `.compute(host)` instead.\n\nTo ditch boilerplate codes like the for loop shown earlier, we can use the\n`.find(opts)` available in the parsed config object.\n\n```js\nconfig.find({ Host: 'example1' })\n```\n\nOr you can just brew it yourself:\n\n```js\nconfig.filter(line => line.param == 'Host' && line.value == 'example1')[0]\n```\n\n\n### `.remove` sections by Host or other criteria\n\nTo remove sections, we can pass the section to `.remove(opts)`.\n\n```js\nconst config = SSHConfig.parse(/* ssh config text */)\nconfig.remove({ Host: 'example1' })\n```\n\n\n### `.append` sections\n\nSince the parsed config is a sub class if Array, you can append new sections with methods like `.push` or `.concat`.\n\n```js\nconfig.push(SSHConfig.parse(`\nHost ness\n  HostName lochness.com\n  User dinosaur\n`))\n\nexpect(config.find({ Host: '*' })).to.eql(\n  { \"param\": \"Host\",\n    \"value\": \"ness\",\n    \"config\":\n     [ { \"param\": \"HostName\",\n         \"value\": \"lochness.com\" } ] }\n)\n```\n\nIf the section to append is vanilla JSON, `.append` is what you need.\n\n```js\nconst config = new SSHConfig()\n\nconfig.append({\n  Host: 'ness',\n  HostName: 'lochness.com',\n  User: 'dinosaur'\n})\n\nSSHConfig.stringify(config)\n// =>\n// Host ness\n//   HostName lochness.com\n//   User dinosaur\n```\n\n\n## References\n\n- [ssh_config(5)][ssh_config]\n- [ssh_config(5)][ssh_config_die]\n- [ssh_config(5) OpenBSD][ssh_config_openbsd]\n- http://en.wikibooks.org/wiki/OpenSSH/Client_Configuration_Files#.7E.2F.ssh.2Fconfig\n- http://stackoverflow.com/questions/10197559/ssh-configuration-override-the-default-username\n\n\n[ssh_config]: https://www.freebsd.org/cgi/man.cgi?query=ssh_config&sektion=5\n[ssh_config_die]: http://linux.die.net/man/5/ssh_config\n[ssh_config_openbsd]: http://www.openbsd.org/cgi-bin/man.cgi/OpenBSD-current/man5/ssh_config.5?query=ssh_config&arch=i386\n","maintainers":[{"name":"dotnil","email":"jakeplus@gmail.com"}],"time":{"modified":"2017-09-25T03:32:17.233Z","created":"2015-01-12T03:10:20.750Z","0.1.0":"2015-01-12T03:10:20.750Z","0.2.0":"2015-07-07T10:49:36.865Z","0.2.1":"2015-11-17T03:20:06.068Z","1.0.0":"2016-05-05T07:41:01.010Z","1.0.1":"2017-02-06T08:30:42.052Z","1.1.0":"2017-09-07T02:27:24.646Z","1.1.1":"2017-09-13T02:56:20.263Z","1.1.2":"2017-09-22T10:56:27.298Z","1.1.3":"2017-09-25T03:32:17.233Z"},"homepage":"https://github.com/dotnil/ssh-config#readme","repository":{"type":"git","url":"git+ssh://git@github.com/dotnil/ssh-config.git"},"author":{"name":"dotnil","email":"jakeplus@gmail.com"},"bugs":{"url":"https://github.com/dotnil/ssh-config/issues"},"readmeFilename":"Readme.md","license":"MIT","_attachments":{},"_etag":"W/\"c9b126ade4280ae4d37ca62dd1e8146a\"","_lastModified":"Sun, 27 May 2018 18:07:50 GMT"}