{"_id":"minimist","_rev":"547-75646c52f27a0caa6ec6927d3271778b","name":"minimist","description":"parse argument options","dist-tags":{"latest":"1.2.0"},"versions":{"0.0.0":{"name":"minimist","version":"0.0.0","description":"parse argument options","main":"index.js","devDependencies":{"tape":"~1.0.4","tap":"~0.4.0"},"scripts":{"test":"tap test/*.js"},"testling":{"files":"test/*.js","browsers":["ie/6..latest","ff/3.6","firefox/latest","chrome/10","chrome/latest","safari/5.1","safari/latest","opera/12"]},"repository":{"type":"git","url":"git://github.com/substack/minimist.git"},"homepage":"https://github.com/substack/minimist","keywords":["argv","getopt","parser","optimist"],"author":{"name":"James Halliday","email":"mail@substack.net","url":"http://substack.net"},"license":"MIT","bugs":{"url":"https://github.com/substack/minimist/issues"},"_id":"minimist@0.0.0","dist":{"shasum":"0f62459b3333ea881e554e400243e130ef123568","tarball":"https://registry.npmjs.org/minimist/-/minimist-0.0.0.tgz"},"_from":".","_npmVersion":"1.3.0","_npmUser":{"name":"substack","email":"mail@substack.net"},"maintainers":[{"name":"substack","email":"mail@substack.net"}],"directories":{}},"0.0.1":{"name":"minimist","version":"0.0.1","description":"parse argument options","main":"index.js","devDependencies":{"tape":"~1.0.4","tap":"~0.4.0"},"scripts":{"test":"tap test/*.js"},"testling":{"files":"test/*.js","browsers":["ie/6..latest","ff/3.6","firefox/latest","chrome/10","chrome/latest","safari/5.1","safari/latest","opera/12"]},"repository":{"type":"git","url":"git://github.com/substack/minimist.git"},"homepage":"https://github.com/substack/minimist","keywords":["argv","getopt","parser","optimist"],"author":{"name":"James Halliday","email":"mail@substack.net","url":"http://substack.net"},"license":"MIT","bugs":{"url":"https://github.com/substack/minimist/issues"},"_id":"minimist@0.0.1","dist":{"shasum":"fa2439fbf7da8525c51b2a74e2815b380abc8ab6","tarball":"https://registry.npmjs.org/minimist/-/minimist-0.0.1.tgz"},"_from":".","_npmVersion":"1.3.0","_npmUser":{"name":"substack","email":"mail@substack.net"},"maintainers":[{"name":"substack","email":"mail@substack.net"}],"directories":{}},"0.0.2":{"name":"minimist","version":"0.0.2","description":"parse argument options","main":"index.js","devDependencies":{"tape":"~1.0.4","tap":"~0.4.0"},"scripts":{"test":"tap test/*.js"},"testling":{"files":"test/*.js","browsers":["ie/6..latest","ff/5","firefox/latest","chrome/10","chrome/latest","safari/5.1","safari/latest","opera/12"]},"repository":{"type":"git","url":"git://github.com/substack/minimist.git"},"homepage":"https://github.com/substack/minimist","keywords":["argv","getopt","parser","optimist"],"author":{"name":"James Halliday","email":"mail@substack.net","url":"http://substack.net"},"license":"MIT","bugs":{"url":"https://github.com/substack/minimist/issues"},"_id":"minimist@0.0.2","dist":{"shasum":"3297e0500be195b8fcb56668c45b925bc9bca7ab","tarball":"https://registry.npmjs.org/minimist/-/minimist-0.0.2.tgz"},"_from":".","_npmVersion":"1.3.7","_npmUser":{"name":"substack","email":"mail@substack.net"},"maintainers":[{"name":"substack","email":"mail@substack.net"}],"directories":{}},"0.0.3":{"name":"minimist","version":"0.0.3","description":"parse argument options","main":"index.js","devDependencies":{"tape":"~1.0.4","tap":"~0.4.0"},"scripts":{"test":"tap test/*.js"},"testling":{"files":"test/*.js","browsers":["ie/6..latest","ff/5","firefox/latest","chrome/10","chrome/latest","safari/5.1","safari/latest","opera/12"]},"repository":{"type":"git","url":"git://github.com/substack/minimist.git"},"homepage":"https://github.com/substack/minimist","keywords":["argv","getopt","parser","optimist"],"author":{"name":"James Halliday","email":"mail@substack.net","url":"http://substack.net"},"license":"MIT","bugs":{"url":"https://github.com/substack/minimist/issues"},"_id":"minimist@0.0.3","dist":{"shasum":"a7a2ef8fbafecbae6c1baa4e56ad81e77acacb94","tarball":"https://registry.npmjs.org/minimist/-/minimist-0.0.3.tgz"},"_from":".","_npmVersion":"1.3.7","_npmUser":{"name":"substack","email":"mail@substack.net"},"maintainers":[{"name":"substack","email":"mail@substack.net"}],"directories":{}},"0.0.4":{"name":"minimist","version":"0.0.4","description":"parse argument options","main":"index.js","devDependencies":{"tape":"~1.0.4","tap":"~0.4.0"},"scripts":{"test":"tap test/*.js"},"testling":{"files":"test/*.js","browsers":["ie/6..latest","ff/5","firefox/latest","chrome/10","chrome/latest","safari/5.1","safari/latest","opera/12"]},"repository":{"type":"git","url":"git://github.com/substack/minimist.git"},"homepage":"https://github.com/substack/minimist","keywords":["argv","getopt","parser","optimist"],"author":{"name":"James Halliday","email":"mail@substack.net","url":"http://substack.net"},"license":"MIT","bugs":{"url":"https://github.com/substack/minimist/issues"},"_id":"minimist@0.0.4","dist":{"shasum":"db41b1028484927a9425765b954075f5082f5048","tarball":"https://registry.npmjs.org/minimist/-/minimist-0.0.4.tgz"},"_from":".","_npmVersion":"1.3.7","_npmUser":{"name":"substack","email":"mail@substack.net"},"maintainers":[{"name":"substack","email":"mail@substack.net"}],"directories":{}},"0.0.5":{"name":"minimist","version":"0.0.5","description":"parse argument options","main":"index.js","devDependencies":{"tape":"~1.0.4","tap":"~0.4.0"},"scripts":{"test":"tap test/*.js"},"testling":{"files":"test/*.js","browsers":["ie/6..latest","ff/5","firefox/latest","chrome/10","chrome/latest","safari/5.1","safari/latest","opera/12"]},"repository":{"type":"git","url":"git://github.com/substack/minimist.git"},"homepage":"https://github.com/substack/minimist","keywords":["argv","getopt","parser","optimist"],"author":{"name":"James Halliday","email":"mail@substack.net","url":"http://substack.net"},"license":"MIT","bugs":{"url":"https://github.com/substack/minimist/issues"},"_id":"minimist@0.0.5","dist":{"shasum":"d7aa327bcecf518f9106ac6b8f003fa3bcea8566","tarball":"https://registry.npmjs.org/minimist/-/minimist-0.0.5.tgz"},"_from":".","_npmVersion":"1.3.7","_npmUser":{"name":"substack","email":"mail@substack.net"},"maintainers":[{"name":"substack","email":"mail@substack.net"}],"directories":{}},"0.0.6":{"name":"minimist","version":"0.0.6","description":"parse argument options","main":"index.js","devDependencies":{"tape":"~1.0.4","tap":"~0.4.0"},"scripts":{"test":"tap test/*.js"},"testling":{"files":"test/*.js","browsers":["ie/6..latest","ff/5","firefox/latest","chrome/10","chrome/latest","safari/5.1","safari/latest","opera/12"]},"repository":{"type":"git","url":"git://github.com/substack/minimist.git"},"homepage":"https://github.com/substack/minimist","keywords":["argv","getopt","parser","optimist"],"author":{"name":"James Halliday","email":"mail@substack.net","url":"http://substack.net"},"license":"MIT","bugs":{"url":"https://github.com/substack/minimist/issues"},"_id":"minimist@0.0.6","dist":{"shasum":"a515054dd7de651410a5511ef6b2d7fdcb596394","tarball":"https://registry.npmjs.org/minimist/-/minimist-0.0.6.tgz"},"_from":".","_npmVersion":"1.3.21","_npmUser":{"name":"substack","email":"mail@substack.net"},"maintainers":[{"name":"substack","email":"mail@substack.net"}],"directories":{}},"0.0.7":{"name":"minimist","version":"0.0.7","description":"parse argument options","main":"index.js","devDependencies":{"tape":"~1.0.4","tap":"~0.4.0"},"scripts":{"test":"tap test/*.js"},"testling":{"files":"test/*.js","browsers":["ie/6..latest","ff/5","firefox/latest","chrome/10","chrome/latest","safari/5.1","safari/latest","opera/12"]},"repository":{"type":"git","url":"git://github.com/substack/minimist.git"},"homepage":"https://github.com/substack/minimist","keywords":["argv","getopt","parser","optimist"],"author":{"name":"James Halliday","email":"mail@substack.net","url":"http://substack.net"},"license":"MIT","bugs":{"url":"https://github.com/substack/minimist/issues"},"_id":"minimist@0.0.7","dist":{"shasum":"dc4c620253c542eda0d2eb91c3c6a971a11e63e7","tarball":"https://registry.npmjs.org/minimist/-/minimist-0.0.7.tgz"},"_from":".","_npmVersion":"1.3.21","_npmUser":{"name":"substack","email":"mail@substack.net"},"maintainers":[{"name":"substack","email":"mail@substack.net"}],"directories":{}},"0.0.8":{"name":"minimist","version":"0.0.8","description":"parse argument options","main":"index.js","devDependencies":{"tape":"~1.0.4","tap":"~0.4.0"},"scripts":{"test":"tap test/*.js"},"testling":{"files":"test/*.js","browsers":["ie/6..latest","ff/5","firefox/latest","chrome/10","chrome/latest","safari/5.1","safari/latest","opera/12"]},"repository":{"type":"git","url":"git://github.com/substack/minimist.git"},"homepage":"https://github.com/substack/minimist","keywords":["argv","getopt","parser","optimist"],"author":{"name":"James Halliday","email":"mail@substack.net","url":"http://substack.net"},"license":"MIT","bugs":{"url":"https://github.com/substack/minimist/issues"},"_id":"minimist@0.0.8","dist":{"shasum":"857fcabfc3397d2625b8228262e86aa7a011b05d","tarball":"https://registry.npmjs.org/minimist/-/minimist-0.0.8.tgz"},"_from":".","_npmVersion":"1.4.3","_npmUser":{"name":"substack","email":"mail@substack.net"},"maintainers":[{"name":"substack","email":"mail@substack.net"}],"directories":{}},"0.0.9":{"name":"minimist","version":"0.0.9","description":"parse argument options","main":"index.js","devDependencies":{"tape":"~1.0.4","tap":"~0.4.0"},"scripts":{"test":"tap test/*.js"},"testling":{"files":"test/*.js","browsers":["ie/6..latest","ff/5","firefox/latest","chrome/10","chrome/latest","safari/5.1","safari/latest","opera/12"]},"repository":{"type":"git","url":"git://github.com/substack/minimist.git"},"homepage":"https://github.com/substack/minimist","keywords":["argv","getopt","parser","optimist"],"author":{"name":"James Halliday","email":"mail@substack.net","url":"http://substack.net"},"license":"MIT","bugs":{"url":"https://github.com/substack/minimist/issues"},"_id":"minimist@0.0.9","dist":{"shasum":"04e6034ffbf572be2fe42cf1da2c696be0901917","tarball":"https://registry.npmjs.org/minimist/-/minimist-0.0.9.tgz"},"_from":".","_npmVersion":"1.4.3","_npmUser":{"name":"substack","email":"mail@substack.net"},"maintainers":[{"name":"substack","email":"mail@substack.net"}],"directories":{}},"0.0.10":{"name":"minimist","version":"0.0.10","description":"parse argument options","main":"index.js","devDependencies":{"tape":"~1.0.4","tap":"~0.4.0"},"scripts":{"test":"tap test/*.js"},"testling":{"files":"test/*.js","browsers":["ie/6..latest","ff/5","firefox/latest","chrome/10","chrome/latest","safari/5.1","safari/latest","opera/12"]},"repository":{"type":"git","url":"git://github.com/substack/minimist.git"},"homepage":"https://github.com/substack/minimist","keywords":["argv","getopt","parser","optimist"],"author":{"name":"James Halliday","email":"mail@substack.net","url":"http://substack.net"},"license":"MIT","bugs":{"url":"https://github.com/substack/minimist/issues"},"_id":"minimist@0.0.10","dist":{"shasum":"de3f98543dbf96082be48ad1a0c7cda836301dcf","tarball":"https://registry.npmjs.org/minimist/-/minimist-0.0.10.tgz"},"_from":".","_npmVersion":"1.4.3","_npmUser":{"name":"substack","email":"mail@substack.net"},"maintainers":[{"name":"substack","email":"mail@substack.net"}],"directories":{}},"0.1.0":{"name":"minimist","version":"0.1.0","description":"parse argument options","main":"index.js","devDependencies":{"tape":"~1.0.4","tap":"~0.4.0"},"scripts":{"test":"tap test/*.js"},"testling":{"files":"test/*.js","browsers":["ie/6..latest","ff/5","firefox/latest","chrome/10","chrome/latest","safari/5.1","safari/latest","opera/12"]},"repository":{"type":"git","url":"git://github.com/substack/minimist.git"},"homepage":"https://github.com/substack/minimist","keywords":["argv","getopt","parser","optimist"],"author":{"name":"James Halliday","email":"mail@substack.net","url":"http://substack.net"},"license":"MIT","bugs":{"url":"https://github.com/substack/minimist/issues"},"_id":"minimist@0.1.0","dist":{"shasum":"99df657a52574c21c9057497df742790b2b4c0de","tarball":"https://registry.npmjs.org/minimist/-/minimist-0.1.0.tgz"},"_from":".","_npmVersion":"1.4.3","_npmUser":{"name":"substack","email":"mail@substack.net"},"maintainers":[{"name":"substack","email":"mail@substack.net"}],"directories":{}},"0.2.0":{"name":"minimist","version":"0.2.0","description":"parse argument options","main":"index.js","devDependencies":{"tape":"~1.0.4","tap":"~0.4.0"},"scripts":{"test":"tap test/*.js"},"testling":{"files":"test/*.js","browsers":["ie/6..latest","ff/5","firefox/latest","chrome/10","chrome/latest","safari/5.1","safari/latest","opera/12"]},"repository":{"type":"git","url":"git://github.com/substack/minimist.git"},"homepage":"https://github.com/substack/minimist","keywords":["argv","getopt","parser","optimist"],"author":{"name":"James Halliday","email":"mail@substack.net","url":"http://substack.net"},"license":"MIT","gitHead":"f904dcc3c28f10eb11840091e9f0bab9d9519b5c","bugs":{"url":"https://github.com/substack/minimist/issues"},"_id":"minimist@0.2.0","_shasum":"4dffe525dae2b864c66c2e23c6271d7afdecefce","_from":".","_npmVersion":"1.4.15","_npmUser":{"name":"substack","email":"mail@substack.net"},"maintainers":[{"name":"substack","email":"mail@substack.net"}],"dist":{"shasum":"4dffe525dae2b864c66c2e23c6271d7afdecefce","tarball":"https://registry.npmjs.org/minimist/-/minimist-0.2.0.tgz"},"directories":{}},"1.0.0":{"name":"minimist","version":"1.0.0","description":"parse argument options","main":"index.js","devDependencies":{"tape":"~1.0.4","tap":"~0.4.0"},"scripts":{"test":"tap test/*.js"},"testling":{"files":"test/*.js","browsers":["ie/6..latest","ff/5","firefox/latest","chrome/10","chrome/latest","safari/5.1","safari/latest","opera/12"]},"repository":{"type":"git","url":"git://github.com/substack/minimist.git"},"homepage":"https://github.com/substack/minimist","keywords":["argv","getopt","parser","optimist"],"author":{"name":"James Halliday","email":"mail@substack.net","url":"http://substack.net"},"license":"MIT","gitHead":"13077b369b092797bb176fd18131d07b0d6c2d1c","bugs":{"url":"https://github.com/substack/minimist/issues"},"_id":"minimist@1.0.0","_shasum":"9429c4f83e0d22590a76aeb610006dcc3f89c70f","_from":".","_npmVersion":"1.4.21","_npmUser":{"name":"substack","email":"mail@substack.net"},"maintainers":[{"name":"substack","email":"mail@substack.net"}],"dist":{"shasum":"9429c4f83e0d22590a76aeb610006dcc3f89c70f","tarball":"https://registry.npmjs.org/minimist/-/minimist-1.0.0.tgz"},"directories":{}},"1.1.0":{"name":"minimist","version":"1.1.0","description":"parse argument options","main":"index.js","devDependencies":{"tape":"~1.0.4","tap":"~0.4.0","covert":"^1.0.0"},"scripts":{"test":"tap test/*.js","coverage":"covert test/*.js"},"testling":{"files":"test/*.js","browsers":["ie/6..latest","ff/5","firefox/latest","chrome/10","chrome/latest","safari/5.1","safari/latest","opera/12"]},"repository":{"type":"git","url":"git://github.com/substack/minimist.git"},"homepage":"https://github.com/substack/minimist","keywords":["argv","getopt","parser","optimist"],"author":{"name":"James Halliday","email":"mail@substack.net","url":"http://substack.net"},"license":"MIT","gitHead":"e2563e462be40c344c6c65b7cde85091fe261976","bugs":{"url":"https://github.com/substack/minimist/issues"},"_id":"minimist@1.1.0","_shasum":"cdf225e8898f840a258ded44fc91776770afdc93","_from":".","_npmVersion":"1.4.21","_npmUser":{"name":"substack","email":"mail@substack.net"},"maintainers":[{"name":"substack","email":"mail@substack.net"}],"dist":{"shasum":"cdf225e8898f840a258ded44fc91776770afdc93","tarball":"https://registry.npmjs.org/minimist/-/minimist-1.1.0.tgz"},"directories":{}},"1.1.1":{"name":"minimist","version":"1.1.1","description":"parse argument options","main":"index.js","devDependencies":{"covert":"^1.0.0","tap":"~0.4.0","tape":"^3.5.0"},"scripts":{"test":"tap test/*.js","coverage":"covert test/*.js"},"testling":{"files":"test/*.js","browsers":["ie/6..latest","ff/5","firefox/latest","chrome/10","chrome/latest","safari/5.1","safari/latest","opera/12"]},"repository":{"type":"git","url":"git://github.com/substack/minimist.git"},"homepage":"https://github.com/substack/minimist","keywords":["argv","getopt","parser","optimist"],"author":{"name":"James Halliday","email":"mail@substack.net","url":"http://substack.net"},"license":"MIT","gitHead":"bc9d1c466541eb52ae85e6682a4b809f4c32fe1f","bugs":{"url":"https://github.com/substack/minimist/issues"},"_id":"minimist@1.1.1","_shasum":"1bc2bc71658cdca5712475684363615b0b4f695b","_from":".","_npmVersion":"2.3.0","_nodeVersion":"0.12.0","_npmUser":{"name":"substack","email":"mail@substack.net"},"maintainers":[{"name":"substack","email":"mail@substack.net"}],"dist":{"shasum":"1bc2bc71658cdca5712475684363615b0b4f695b","tarball":"https://registry.npmjs.org/minimist/-/minimist-1.1.1.tgz"},"directories":{}},"1.1.2":{"name":"minimist","version":"1.1.2","description":"parse argument options","main":"index.js","devDependencies":{"covert":"^1.0.0","tap":"~0.4.0","tape":"^3.5.0"},"scripts":{"test":"tap test/*.js","coverage":"covert test/*.js"},"testling":{"files":"test/*.js","browsers":["ie/6..latest","ff/5","firefox/latest","chrome/10","chrome/latest","safari/5.1","safari/latest","opera/12"]},"repository":{"type":"git","url":"git://github.com/substack/minimist.git"},"homepage":"https://github.com/substack/minimist","keywords":["argv","getopt","parser","optimist"],"author":{"name":"James Halliday","email":"mail@substack.net","url":"http://substack.net"},"license":"MIT","gitHead":"a8e2fe153a22dad7a0da67fd6465fab4cfa63e37","bugs":{"url":"https://github.com/substack/minimist/issues"},"_id":"minimist@1.1.2","_shasum":"af960b80caf71b38236352af7fef10a8efceeae3","_from":".","_npmVersion":"3.1.2","_nodeVersion":"2.0.0","_npmUser":{"name":"substack","email":"substack@gmail.com"},"dist":{"shasum":"af960b80caf71b38236352af7fef10a8efceeae3","tarball":"https://registry.npmjs.org/minimist/-/minimist-1.1.2.tgz"},"maintainers":[{"name":"substack","email":"mail@substack.net"}],"directories":{}},"1.1.3":{"name":"minimist","version":"1.1.3","description":"parse argument options","main":"index.js","devDependencies":{"covert":"^1.0.0","tap":"~0.4.0","tape":"^3.5.0"},"scripts":{"test":"tap test/*.js","coverage":"covert test/*.js"},"testling":{"files":"test/*.js","browsers":["ie/6..latest","ff/5","firefox/latest","chrome/10","chrome/latest","safari/5.1","safari/latest","opera/12"]},"repository":{"type":"git","url":"git://github.com/substack/minimist.git"},"homepage":"https://github.com/substack/minimist","keywords":["argv","getopt","parser","optimist"],"author":{"name":"James Halliday","email":"mail@substack.net","url":"http://substack.net"},"license":"MIT","gitHead":"8a5d94cf17fb8b126cf6c8fbf2a7713df76d16cd","bugs":{"url":"https://github.com/substack/minimist/issues"},"_id":"minimist@1.1.3","_shasum":"3bedfd91a92d39016fcfaa1c681e8faa1a1efda8","_from":".","_npmVersion":"3.2.0","_nodeVersion":"2.4.0","_npmUser":{"name":"substack","email":"substack@gmail.com"},"dist":{"shasum":"3bedfd91a92d39016fcfaa1c681e8faa1a1efda8","tarball":"https://registry.npmjs.org/minimist/-/minimist-1.1.3.tgz"},"maintainers":[{"name":"substack","email":"mail@substack.net"}],"directories":{}},"1.2.0":{"name":"minimist","version":"1.2.0","description":"parse argument options","main":"index.js","devDependencies":{"covert":"^1.0.0","tap":"~0.4.0","tape":"^3.5.0"},"scripts":{"test":"tap test/*.js","coverage":"covert test/*.js"},"testling":{"files":"test/*.js","browsers":["ie/6..latest","ff/5","firefox/latest","chrome/10","chrome/latest","safari/5.1","safari/latest","opera/12"]},"repository":{"type":"git","url":"git://github.com/substack/minimist.git"},"homepage":"https://github.com/substack/minimist","keywords":["argv","getopt","parser","optimist"],"author":{"name":"James Halliday","email":"mail@substack.net","url":"http://substack.net"},"license":"MIT","gitHead":"dc624482fcfec5bc669c68cdb861f00573ed4e64","bugs":{"url":"https://github.com/substack/minimist/issues"},"_id":"minimist@1.2.0","_shasum":"a35008b20f41383eec1fb914f4cd5df79a264284","_from":".","_npmVersion":"3.2.2","_nodeVersion":"2.4.0","_npmUser":{"name":"substack","email":"substack@gmail.com"},"dist":{"shasum":"a35008b20f41383eec1fb914f4cd5df79a264284","tarball":"https://registry.npmjs.org/minimist/-/minimist-1.2.0.tgz"},"maintainers":[{"name":"substack","email":"mail@substack.net"}],"directories":{}}},"readme":"# minimist\n\nparse argument options\n\nThis module is the guts of optimist's argument parser without all the\nfanciful decoration.\n\n[![browser support](https://ci.testling.com/substack/minimist.png)](http://ci.testling.com/substack/minimist)\n\n[![build status](https://secure.travis-ci.org/substack/minimist.png)](http://travis-ci.org/substack/minimist)\n\n# example\n\n``` js\nvar argv = require('minimist')(process.argv.slice(2));\nconsole.dir(argv);\n```\n\n```\n$ node example/parse.js -a beep -b boop\n{ _: [], a: 'beep', b: 'boop' }\n```\n\n```\n$ node example/parse.js -x 3 -y 4 -n5 -abc --beep=boop foo bar baz\n{ _: [ 'foo', 'bar', 'baz' ],\n  x: 3,\n  y: 4,\n  n: 5,\n  a: true,\n  b: true,\n  c: true,\n  beep: 'boop' }\n```\n\n# methods\n\n``` js\nvar parseArgs = require('minimist')\n```\n\n## var argv = parseArgs(args, opts={})\n\nReturn an argument object `argv` populated with the array arguments from `args`.\n\n`argv._` contains all the arguments that didn't have an option associated with\nthem.\n\nNumeric-looking arguments will be returned as numbers unless `opts.string` or\n`opts.boolean` is set for that argument name.\n\nAny arguments after `'--'` will not be parsed and will end up in `argv._`.\n\noptions can be:\n\n* `opts.string` - a string or array of strings argument names to always treat as\nstrings\n* `opts.boolean` - a boolean, string or array of strings to always treat as\nbooleans. if `true` will treat all double hyphenated arguments without equal signs\nas boolean (e.g. affects `--foo`, not `-f` or `--foo=bar`)\n* `opts.alias` - an object mapping string names to strings or arrays of string\nargument names to use as aliases\n* `opts.default` - an object mapping string argument names to default values\n* `opts.stopEarly` - when true, populate `argv._` with everything after the\nfirst non-option\n* `opts['--']` - when true, populate `argv._` with everything before the `--`\nand `argv['--']` with everything after the `--`. Here's an example:\n* `opts.unknown` - a function which is invoked with a command line parameter not\ndefined in the `opts` configuration object. If the function returns `false`, the\nunknown option is not added to `argv`.\n\n```\n> require('./')('one two three -- four five --six'.split(' '), { '--': true })\n{ _: [ 'one', 'two', 'three' ],\n  '--': [ 'four', 'five', '--six' ] }\n```\n\nNote that with `opts['--']` set, parsing for arguments still stops after the\n`--`.\n\n# install\n\nWith [npm](https://npmjs.org) do:\n\n```\nnpm install minimist\n```\n\n# license\n\nMIT\n","maintainers":[{"name":"substack","email":"mail@substack.net"}],"time":{"modified":"2018-03-16T14:45:19.005Z","created":"2013-06-25T08:17:16.343Z","0.0.0":"2013-06-25T08:17:18.123Z","0.0.1":"2013-06-25T08:22:05.384Z","0.0.2":"2013-08-28T23:00:17.595Z","0.0.3":"2013-09-12T16:27:07.340Z","0.0.4":"2013-09-17T15:13:28.184Z","0.0.5":"2013-09-19T06:45:40.016Z","0.0.6":"2014-02-09T03:49:41.327Z","0.0.7":"2014-02-09T04:03:57.665Z","0.0.8":"2014-02-21T04:46:49.997Z","0.0.9":"2014-05-08T14:56:24.311Z","0.0.10":"2014-05-11T21:43:10.663Z","0.1.0":"2014-05-12T01:23:35.188Z","0.2.0":"2014-06-19T14:57:41.126Z","1.0.0":"2014-08-11T01:08:53.376Z","1.1.0":"2014-08-11T03:19:02.076Z","1.1.1":"2015-03-11T02:27:22.649Z","1.1.2":"2015-07-22T19:52:35.381Z","1.1.3":"2015-08-06T23:08:45.090Z","1.2.0":"2015-08-24T13:56:27.640Z"},"author":{"name":"James Halliday","email":"mail@substack.net","url":"http://substack.net"},"repository":{"type":"git","url":"git://github.com/substack/minimist.git"},"users":{"326060588":true,"chrisdickinson":true,"phette23":true,"jonkemp":true,"bannerbschafer":true,"jenwachter":true,"womjoy":true,"line-o":true,"amio":true,"dpig":true,"alpigc":true,"edull24":true,"digitalsadhu":true,"stefanpearson":true,"qiuzuhui":true,"tunnckocore":true,"seektheerror":true,"axelav":true,"kwpeters":true,"coderaiser":true,"beth_rogers465":true,"kahboom":true,"davidrlee":true,"brentonhouse":true,"janez89":true,"sposmen":true,"maschs":true,"mhaidarh":true,"apasella":true,"bmpvieira":true,"evanlovely":true,"pid":true,"mtscout6":true,"dpobel":true,"mitica":true,"tehdb":true,"thealphanerd":true,"repejota":true,"orion-":true,"dotslash.lu":true,"h-wei":true,"carlosmarte":true,"c1freitas":true,"wenbing":true,"deide":true,"ramjoshi":true,"chetharrison":true,"mimmo1":true,"ryanj":true,"techplex":true,"shahzaib":true,"r3nya":true,"jbdelhommeau":true,"beatak":true,"diversoft":true,"jprempeh":true,"lukebrooker":true,"sophuslie":true,"psstoev":true,"kgryte":true,"jdantonio":true,"akiva":true,"wangnan0610":true,"hagb4rd":true,"hugolantaume":true,"ljharb":true,"abg":true,"koslun":true,"pprice":true,"chiefy":true,"manishrc":true,"infinitycbs":true,"pressla":true,"owanturist":true,"haeck":true,"bausmeier":true,"markthethomas":true,"dylanf":true,"herreraemanuel":true,"chihhaoli":true,"guumaster":true,"moimikey":true,"jordanskole":true,"jakeginnivan":true,"seanjh":true,"mostafazh":true,"srl":true,"pnevares":true,"kinday":true,"borjes":true,"yanndinendal":true,"joakin":true,"simplyianm":true,"jedcn":true,"nickleefly":true,"yashprit":true,"erikvold":true,"itonyyo":true,"mysticatea":true,"ruffle1986":true,"j3kz":true,"lcustodio":true,"jmm23":true,"alexkval":true,"ragnarokkr":true,"strikingloud":true,"jonatasnona":true,"emiljohansson":true,"sedmonds":true,"isyara":true,"joemdavis":true,"yoshuawuyts":true,"gabrielsanterre":true,"loki2302":true,"jswartwood":true,"jabbrwcky":true,"program247365":true,"getify":true,"glebec":true,"lupomontero":true,"nex":true,"shriek":true,"djensen47":true,"zouloux":true,"dahjelle":true,"danpolitte":true,"adiachenko":true,"adamkdean":true,"eagleeye":true,"rmarques":true,"saru95":true,"wuwenbin":true,"f124275809":true,"jian263994241":true,"axelstudios":true,"bsara":true,"h0ward":true,"tianyk":true,"nice_body":true,"gztomas":true,"drossman":true,"kevbaker":true,"lewisbrown":true,"wfalkwallace":true,"tommyzzm":true,"mikend":true,"its2uraps":true,"andr":true,"sammyteahan":true,"majgis":true,"evan2x":true,"kparkov":true,"!!!":true,"parkerproject":true,"onelaview":true,"zoser":true,"draganhr":true,"martinkuba":true,"incendiary":true,"robertpenner":true,"iliyat":true,"vwal":true,"liushoukai":true,"sobear":true,"rivy":true,"javascript":true,"galenandrew":true,"crazyjingling":true,"arnold-almeida":true,"vio":true,"xieranmaya":true,"restuta":true,"knoja4":true,"superpaintman":true,"nalindak":true,"panlw":true,"tstringer":true,"crazy4groovy":true,"antanst":true,"ferrari":true,"pixlab":true,"jgrl":true,"tatumcreative":true,"nickeljew":true,"rsp":true,"jesusgoku":true,"crysp":true,"ziflex":true,"cable023":true,"yuxin":true,"hacksalot":true,"integrity":true,"danshapir":true,"gurunate":true,"joelwallis":true,"scull7":true,"tobiasnickel":true,"wkaifang":true,"dvdwlsh":true,"groovybytes":true,"kekdude":true,"alejcerro":true,"ryanlee":true,"nketchum":true,"gauravmak":true,"gregorynicholas":true,"a3.ivanenko":true,"amenadiel":true,"nfischer":true,"pauljmartinez":true,"nickeltobias":true,"hypo9eal":true,"pruettti":true,"shan":true,"jedateach":true,"carlosvillademor":true,"roman-io":true,"fioli":true,"sebastian1118":true,"spanser":true,"52u":true,"rochejul":true,"nocomment17":true,"grimtech":true,"preco21":true,"jasonwang1888":true,"shushanfx":true,"nahuelhds":true,"antixrist":true,"ifeature":true,"huina.gu":true,"itskdk":true,"moonavw":true,"leizongmin":true,"heyimeugene":true,"dresende":true,"dkblay":true,"robert.isaev":true,"ellyo":true,"ackhub":true,"mugifly":true,"mrmartineau":true,"morrelinko":true,"mkwr":true,"enil":true,"anticz":true,"qqcome110":true,"farskipper":true,"lcdss":true,"hingsir":true,"dennisli87":true,"diegoscosta":true,"amir-arad":true,"mevlutsahin":true,"enna":true,"tmshv":true,"mattms":true,"fm-96":true,"rbecheras":true,"leshik":true,"razr9":true,"dvl":true,"abuelwafa":true,"alafazam":true,"nuer":true,"i-erokhin":true,"tmurngon":true,"kenju":true,"jacks":true,"rocket0191":true,"troygizzi":true,"mikestaub":true,"cognivator":true,"landy2014":true,"ragingsmurf":true,"ash":true,"scottfreecode":true,"retorillo":true,"manikantag":true,"soenkekluth":true,"hugojosefson":true,"nikcorg":true,"blam":true,"eijs":true,"cedx":true,"aquafadas":true,"mr-smiley":true,"mojaray2k":true,"fahadjadoon":true,"juangotama":true,"ctesniere":true,"dzhou777":true,"thonatos":true,"langri-sha":true,"terkelg":true,"federico-garcia":true,"quafoo":true,"jedaviata":true,"rylan_yan":true,"petersun":true,"guiqide":true,"ultimatik":true,"krabello":true,"noncreature0714":true,"cyyyu":true,"timwzou":true,"coolhanddev":true,"vmleon":true,"glukki":true,"pbx":true,"seangenabe":true,"jrobinsonc":true,"rajikaimal":true,"alexchao":true,"wheelo":true,"zguillez":true,"i3fox":true,"yuch4n":true,"largepuma":true,"leodutra":true,"giussa_dan":true,"scott.m.sarsfield":true,"hecto932":true,"hain":true,"maoizm":true,"pmbenjamin":true,"alopatindev":true,"sudhirkumark":true,"cygik":true,"rogerta":true,"danielknaust":true,"ognjen.jevremovic":true,"junos":true,"chrisakakay":true,"papasavva":true,"leonardorb":true,"shaomingquan":true,"ninozhang":true,"chinawolf_wyp":true,"iatsiuk":true,"about_hiroppy":true,"marinru":true,"stefano_magrassi":true,"guioconnor":true,"aamirvohra":true,"monjer":true,"djviolin":true,"modood":true,"max_devjs":true,"lourenzo":true,"yikuo":true,"sprying":true,"sibawite":true,"danielpavelic":true,"akinjide":true,"eseath":true,"alexxnica":true,"kakaman":true,"iseif":true,"heartnett":true,"darkowlzz":true,"oleg_tsyba":true,"drdoof":true,"wangfeia":true,"partsunknown":true,"lgh06":true,"usex":true,"dburdese":true,"grabantot":true,"d-band":true,"geekish":true,"dm7":true,"dwayneford":true,"zhenguo.zhao":true,"suryasaripalli":true,"majkel":true,"arichiardi":true,"sinahwz":true,"g120hbq":true,"cliff":true,"bryan.ygf":true,"janet-lu":true,"luckyluke":true,"jedchang":true,"highgravity":true,"hoanganh25991":true,"yousoff92":true,"icoon.li":true,"vickykoblinski":true,"tedyhy":true,"liximomo":true,"xuu":true,"shiva127":true,"tztz":true,"justjavac":true,"jk0":true,"phntm":true,"raycharles":true,"wuuashen":true,"yinfxs":true,"seaniap":true,"tpkn":true,"arcticicestudio":true,"laoshaw":true,"irj":true,"undre4m":true,"faraoman":true,"moonrailgun":true,"geeksunny":true,"losymear":true,"imaginegenesis":true,"dyakovk":true,"washan":true,"adelriosantiago":true,"treble.snake":true,"dr2009":true,"reyronald":true,"joshdoescode":true,"morewry":true,"hearsid":true,"xtx1130":true,"rubiadias":true,"sixpetrov":true,"naokikimura":true,"anypossible.w":true,"sepiropht":true,"davidbwaters":true,"vv314":true,"xiaobing":true},"readmeFilename":"readme.markdown","homepage":"https://github.com/substack/minimist","keywords":["argv","getopt","parser","optimist"],"bugs":{"url":"https://github.com/substack/minimist/issues"},"license":"MIT","_attachments":{},"_etag":"W/\"a0b426a2c90a93be26bd6141b77d1f18\"","_lastModified":"Sun, 27 May 2018 08:07:34 GMT"}